INV2023;1;MJD;TRW-AVANZA11HXYG;Toyota Avanza / Xenia 11-15 2nd Gen/3rd Gen;2;477750;955500;28/04/2023;2915000;649128079;Paid;1-10001;60;1367
INV2023;1;MJD;OTH-SEALANTXYG;Sealant Polyurethane XYG Tube;20;55000;1100000;28/04/2023;2915000;649128079;Paid;1-10001;60;1367
INV2023;1;MJD;OTH-LIST04TOYDAI;List Kaca Depan Code 04;2;65000;130000;28/04/2023;2915000;649128079;Paid;1-10001;60;1367
INV2023;1;MJD;OTH-LIST11TOYDAI;List Kaca Depan Code 11;2;65000;130000;28/04/2023;2915000;649128079;Paid;1-10001;60;1367
INV2023;1;MJD;OTH-LISTINVTOY;List Kaca Depan INV;1;100000;100000;28/04/2023;2915000;649128079;Paid;1-10001;60;1367
INV2023;1;MJD;TRW-BRV16HONDA;Honda BR-V 16- Genuine;1;1017593;1017593;28/04/2023;2915000;649128079;Paid;1-10001;60;1367
INV2023;1;MJD;LFW-AVANZA11MU;Toyota Avanza / Xenia 11-15 2nd Gen;1;565000;565000;28/04/2023;2915000;649128079;Paid;1-10001;60;1367
INV2023;1;MJD;LFW-AGYAMU;Toyota Agya/Ayla;1;525000;525000;28/04/2023;2915000;649128079;Paid;1-10001;60;1367
INV2023;1;MJD;LFW-SIGRAMU;Toyota Calya / Sigra 16-;1;674000;674000;28/04/2023;2915000;649128079;Paid;1-10001;60;1367
INV2023;1;MJD;TRW-JAZZ01XYG;Honda Jazz 01-07 1st Gen;1;752250;752250;28/04/2023;2915000;649128079;Paid;1-10001;60;1367
INV2023;1;MJD;SRR-HIACEFXYG;Toyota Hi-Ace 04-20 Commuter With Frame;1;1946250;1946250;28/04/2023;2915000;649128079;Paid;1-10001;60;1367
INV2023;1;MJD;OTH-SERTRANSPORT;Transport;1;50000;50000;28/04/2023;2915000;649128079;Paid;1-10001;60;1367
INV2023;1;MJD;LFW-ALTIS00MU;Toyota Altis 00-06 E120/130 9th Gen;1;1350000;1350000;28/04/2023;2915000;649128079;Paid;1-10001;60;1367
INV2023;1;MJD;TRW-FORTUNER05BLACKXYG;Toyota Fortuner 05-15 1st Gen (Hitam);1;1462500;1462500;28/04/2023;2915000;649128079;Paid;1-10001;60;1367
INV2023;1;MJD;OTH-SERTRANSPORT;Transport;1;50000;50000;28/04/2023;2915000;649128079;Paid;1-10001;60;1367
INV2023;1;MJD;LFW-GRANMAXMU;Daihatsu Gran Max / Luxio 07-;2;640000;1280000;28/04/2023;2915000;649128079;Paid;1-10001;60;1367
INV2023;1;MJD;TRW-AVANZA11MU;Toyota Avanza / Xenia 11-15 2nd Gen;1;440000;440000;28/04/2023;2915000;649128079;Paid;1-10001;60;1367
INV2023;1;MJD;TRW-FORTUNER05BLACKXYG;Toyota Fortuner 05-15 1st Gen (Hitam);1;1462500;1462500;28/04/2023;2915000;649128079;Paid;1-10001;60;1367
INV2023;1;MJD;OTH-SERTRANSPORT;Transport;1;50000;50000;28/04/2023;2915000;649128079;Paid;1-10001;60;1367
INV2023;1;MJD;LFW-SIENTAXYG;Toyota Sienta 15-;1;928500;928500;28/04/2023;2915000;649128079;Paid;1-10001;60;1367
INV2023;1;MJD;TRW-AVANZA03HXYG;Toyota Avanza / Xenia 03-11 1st Gen;1;500250;500250;28/04/2023;2915000;649128079;Paid;1-10001;60;1367
INV2023;1;MJD;LFW-E46NORSMU;BMW 3 Series 98-06 E46;1;1300000;1300000;28/04/2023;2915000;649128079;Paid;1-10001;60;1367
INV2023;1;MJD;LFW-AVANZA11MU;Toyota Avanza / Xenia 11-15 2nd Gen;1;565000;565000;28/04/2023;2915000;649128079;Paid;1-10001;60;1367
INV2023;1;MJD;LFW-LIVINA07XYG;Nissan Livina 07-18 L10/L11;1;0;0;28/04/2023;2915000;649128079;Paid;1-10001;60;1367
INV2023;1;MJD;LFW-FORTUNER05XYG;Toyota Fortuner 05-15 1st Gen;1;0;0;28/04/2023;2915000;649128079;Paid;1-10001;60;1367
INV2023;1;MJD;RDL-AVANZA03ASH;Toyota Avanza / Xenia 03-11 1st Gen;1;0;0;28/04/2023;2915000;649128079;Paid;1-10001;60;1367
INV2023;1;MJD;TRW-GRANMAXVANMU;Daihatsu Gran Max Minibus/Van;1;0;0;28/04/2023;2915000;649128079;Paid;1-10001;60;1367
INV2023;1;MJD;LFW-INNOVA15MU;Toyota Innova 15- 2nd Gen;1;988000;988000;28/04/2023;2915000;649128079;Paid;1-10001;60;1367
INV2023;1;MJD;LFW-FREEDMU;Honda Freed 08-16 1st gen;1;1100000;1100000;28/04/2023;2915000;649128079;Paid;1-10001;60;1367
INV2023;1;MJD;LFW-FORTUNER05MU;Toyota Fortuner 05-15 1st Gen;1;765000;765000;28/04/2023;2915000;649128079;Paid;1-10001;60;1367
INV2023;1;MJD;SRL-HIACEXYG;Toyota Hi-Ace 04-20 Commuter;3;795000;2385000;28/04/2023;2915000;649128079;Paid;1-10001;60;1367
INV2023;1;MJD;OTH-SEALANTXYG;Sealant Polyurethane XYG Tube;20;55000;1100000;28/04/2023;2915000;649128079;Paid;1-10001;60;1367
INV2023;1;MJD;RDR-AVANZA11ASH;Toyota Avanza / Xenia 11-15 2nd Gen / 15-21 3rd Gen;1;175000;175000;28/04/2023;2915000;649128079;Paid;1-10001;60;1367
INV2023;1;MJD;OTH-SERTRANSPORT;Transport;1;70000;70000;28/04/2023;2915000;649128079;Paid;1-10001;60;1367
INV2023;1;MJD;LFW-AVANZA11MU;Toyota Avanza / Xenia 11-15 2nd Gen;1;565000;565000;28/04/2023;2915000;649128079;Paid;1-10001;60;1367
INV2023;1;MJD;LFW-XPANDERMU;Mitsubishi Xpander 17-;1;1000000;1000000;28/04/2023;2915000;649128079;Paid;1-10001;60;1367
INV2023;1;MJD;LFW-ALPHARD08RSFY;Toyota Alphard 08-15 ANH20 2nd Gen;1;3151500;3151500;28/04/2023;2915000;649128079;Paid;1-10001;60;1367
INV2023;1;MJD;TRW-AVANZA11HXYG;Toyota Avanza / Xenia 11-15 2nd Gen/3rd Gen;2;477750;955500;28/04/2023;2915000;649128079;Paid;1-10001;60;1367
INV2023;1;MJD;TRW-FORTUNER05BLACKXYG;Toyota Fortuner 05-15 1st Gen (Hitam);1;1462500;1462500;28/04/2023;2915000;649128079;Paid;1-10001;60;1367
INV2023;1;MJD;LFW-AVANZA03MU;Toyota Avanza / Xenia 03-11 1st Gen;2;565000;1130000;28/04/2023;2915000;649128079;Paid;1-10001;60;1367
INV2023;1;MJD;LFW-AVANZA11MU;Toyota Avanza / Xenia 11-15 2nd Gen;2;565000;1130000;28/04/2023;2915000;649128079;Paid;1-10001;60;1367
INV2023;1;MJD;LFW-AVANZA16MU;Toyota Avanza / Xenia 15-21 3rd Gen;3;565000;1695000;28/04/2023;2915000;649128079;Paid;1-10001;60;1367
INV2023;1;MJD;LFW-APVMU;Suzuki APV 03- Pickup/ Van (MULIA);2;726000;1452000;28/04/2023;2915000;649128079;Paid;1-10001;60;1367
INV2023;1;MJD;LFW-CARRYFUTURAMU;Suzuki Carry Futura (1300cc) / Mitsubishi Colt T120;2;528000;1056000;28/04/2023;2915000;649128079;Paid;1-10001;60;1367
INV2023;1;MJD;LFW-GRANMAXMU;Daihatsu Gran Max / Luxio 07-;2;640000;1280000;28/04/2023;2915000;649128079;Paid;1-10001;60;1367
INV2023;1;MJD;LFW-CITY02MU;Honda City 02-08 4th Gen Idsi GD8;1;1150000;1150000;28/04/2023;2915000;649128079;Paid;1-10001;60;1367
INV2023;1;MJD;SWR-AVANZA11MU;Toyota Avanza / Xenia 11-15 2nd Gen;1;195000;195000;28/04/2023;2915000;649128079;Paid;1-10001;60;1367
INV2023;1;MJD;LFW-HILUX05MU;Toyota Hilux Pickup 05-15;2;765000;1530000;28/04/2023;2915000;649128079;Paid;1-10001;60;1367
INV2023;1;MJD;LFW-W169RSXYG;Mers-Benz A150/170/A200 05-12 W169/ B-Class 05-11 W245;1;3325500;3325500;28/04/2023;2915000;649128079;Paid;1-10001;60;1367
INV2023;1;MJD;OTH-PETIKAYU;Peti Kayu;1;300000;300000;28/04/2023;2915000;649128079;Paid;1-10001;60;1367
INV2023;1;MJD;LFW-AVANZA16MU;Toyota Avanza / Xenia 15-21 3rd Gen;1;565000;565000;28/04/2023;2915000;649128079;Paid;1-10001;60;1367
INV2023;1;MJD;LFW-FE800XYG;Mitsubishi Canter FE800 01- (PS136);1;804000;804000;28/04/2023;2915000;649128079;Paid;1-10001;60;1367
INV2023;1;MJD;TRW-LIVINA13XYG;Nissan Livina 13-18 L11 (Lubang);1;716250;716250;28/04/2023;2915000;649128079;Paid;1-10001;60;1367
INV2023;1;MJD;TRW-LUXIODAIHATSU;Daihatsu Luxio 07-;5;325000;1625000;28/04/2023;2915000;649128079;Paid;1-10001;60;1367
INV2023;1;MJD;LFW-INNOVA04MU;Toyota Innova 04-15 1st Gen;1;766000;766000;28/04/2023;2915000;649128079;Paid;1-10001;60;1367
INV2023;1;MJD;LFW-FJ100FY;Toyota LandCruiser 98-07 FJ100 (Signus) [No Sensor];1;2352750;2352750;28/04/2023;2915000;649128079;Paid;1-10001;60;1367
INV2023;1;MJD;SWR-RAIZEORI;Toyota Raize / Daihatsu Rocky 20-;1;400000;400000;28/04/2023;2915000;649128079;Paid;1-10001;60;1367
INV2023;1;MJD;TRW-AVANZA11AGC;Toyota Avanza / Xenia 11-15 2nd Gen/3rd Gen;1;565250;565250;28/04/2023;2915000;649128079;Paid;1-10001;60;1367
INV2023;1;MJD;LFW-KAPSUL02MU;Toyota Kijang 02-04 Kapsul Lem Efi;1;775000;775000;28/04/2023;2915000;649128079;Paid;1-10001;60;1367
INV2023;1;MJD;LFW-RUSH17MU;Toyota Rush / Terios 18-;1;715000;715000;28/04/2023;2915000;649128079;Paid;1-10001;60;1367
INV2023;1;MJD;LFW-AVANZA11MU;Toyota Avanza / Xenia 11-15 2nd Gen;10;393294;3932940;28/04/2023;2915000;649128079;Paid;1-10001;60;1367
INV2023;1;MJD;LFW-TERIOS06MU;Toyota Rush / Terios 06-17;1;754000;754000;28/04/2023;2915000;649128079;Paid;1-10001;60;1367
INV2023;1;MJD;TRW-LIVINA07XYG;Nissan Livina 07-12 L10 (Tanpa Lubang);1;636750;636750;28/04/2023;2915000;649128079;Paid;1-10001;60;1367
INV2023;1;MJD;OTH-LISTINVTOY;List Kaca Depan INV;2;100000;200000;28/04/2023;2915000;649128079;Paid;1-10001;60;1367
INV2023;1;MJD;TRW-INNOVA04HFY;Toyota Innova 04-15 1st Gen;1;819000;819000;28/04/2023;2915000;649128079;Paid;1-10001;60;1367
INV2023;1;MJD;TRW-PICANTO04XYG;Kia Picanto 04-11 1st Gen;1;1475250;1475250;28/04/2023;2915000;649128079;Paid;1-10001;60;1367
INV2023;1;MJD;RDL-FORTUNER05XYG;Toyota Fortuner 05-15 1st Gen;1;327000;327000;28/04/2023;2915000;649128079;Paid;1-10001;60;1367
INV2023;1;MJD;TRW-ERTIGA12XYG;Suzuki Ertiga 12-18 1st Gen MPV;1;398250;398250;28/04/2023;2915000;649128079;Paid;1-10001;60;1367
INV2023;1;MJD;OTH-SEALANTXYG;Sealant Polyurethane XYG Tube;20;55000;1100000;28/04/2023;2915000;649128079;Paid;1-10001;60;1367
INV2023;1;MJD;OTH-SERTRANSPORT;Transport;1;70000;70000;28/04/2023;2915000;649128079;Paid;1-10001;60;1367
INV2023;1;MJD;RDR-FJ200FY;Toyota LandCruiser 07- FJ200;1;520030;520030;28/04/2023;2915000;649128079;Paid;1-10001;60;1367
INV2023;1;MJD;LFW-HRV14MU;Honda HR-V 14-21 5D SUV;1;1175000;1175000;28/04/2023;2915000;649128079;Paid;1-10001;60;1367
INV2023;1;MJD;LFW-GRANMAXMU;Daihatsu Gran Max / Luxio 07-;1;640000;640000;28/04/2023;2915000;649128079;Paid;1-10001;60;1367
INV2023;1;MJD;LFW-JUKEMU;Nissan Juke 11-;1;1200000;1200000;28/04/2023;2915000;649128079;Paid;1-10001;60;1367
INV2023;1;MJD;LFW-GRANMAXMU;Daihatsu Gran Max / Luxio 07-;1;640000;640000;28/04/2023;2915000;649128079;Paid;1-10001;60;1367
INV2023;1;MJD;LFW-LIVINA07MU;Nissan Livina 07-18 L10/L11;1;800000;800000;28/04/2023;2915000;649128079;Paid;1-10001;60;1367
INV2023;1;MJD;LFW-APVMU;Suzuki APV 03- Pickup/ Van (MULIA);1;726000;726000;28/04/2023;2915000;649128079;Paid;1-10001;60;1367
INV2023;1;MJD;LFW-CARRYFUTURAMU;Suzuki Carry Futura (1300cc) / Mitsubishi Colt T120;1;528000;528000;28/04/2023;2915000;649128079;Paid;1-10001;60;1367
INV2023;1;MJD;LFW-TERRANOMU;Nissan Terrano 95-06;1;950000;950000;28/04/2023;2915000;649128079;Paid;1-10001;60;1367
INV2023;1;MJD;LFW-TERIOS06MU;Toyota Rush / Terios 06-17;1;754000;754000;28/04/2023;2915000;649128079;Paid;1-10001;60;1367
INV2023;1;MJD;LFW-GRANMAXMU;Daihatsu Gran Max / Luxio 07-;10;393294;3932940;28/04/2023;2915000;649128079;Paid;1-10001;60;1367
INV2023;1;MJD;TRW-GRANMAXVANMU;Daihatsu Gran Max Minibus/Van;1;340000;340000;28/04/2023;2915000;649128079;Paid;1-10001;60;1367
INV2023;1;MJD;TRW-ERTIGA18XYG;Suzuki Ertiga 18- 2nd Gen / XL7;1;326250;326250;28/04/2023;2915000;649128079;Paid;1-10001;60;1367
INV2023;1;MJD;LFW-CIVIC05XYG;Honda Civic 05-11 8th Gen (Civic Batman FD);1;1227000;1227000;28/04/2023;2915000;649128079;Paid;1-10001;60;1367
INV2023;1;MJD;LFW-ALPHARD08RSPIL;Toyota Alphard 08-15 ANH20 2nd Gen;1;3151500;3151500;28/04/2023;2915000;649128079;Paid;1-10001;60;1367
INV2023;1;MJD;LFW-CAPTIVAXYG;Chevrolet Captiva 06-18 1st gen C100;1;1359750;1359750;28/04/2023;2915000;649128079;Paid;1-10001;60;1367
INV2023;1;MJD;LFW-APVMU;Suzuki APV 03- Pickup/ Van (MULIA);1;726000;726000;28/04/2023;2915000;649128079;Paid;1-10001;60;1367
INV2023;1;MJD;LFW-KIJANGK125MU;Toyota Kijang Super/Grand K125;1;850000;850000;28/04/2023;2915000;649128079;Paid;1-10001;60;1367
INV2023;1;MJD;LFW-ETIOSASH;Toyota Etios 10- 1st Gen Sedan;1;795000;795000;28/04/2023;2915000;649128079;Paid;1-10001;60;1367
INV2023;1;MJD;SWL-RAIZEORI;Toyota Raize / Daihatsu Rocky 20-;1;213000;213000;28/04/2023;2915000;649128079;Paid;1-10001;60;1367
INV2023;1;MJD;SWR-RAIZEORI;Toyota Raize / Daihatsu Rocky 20-;1;213000;213000;28/04/2023;2915000;649128079;Paid;1-10001;60;1367
INV2023;1;MJD;FDL-AVANZA03ORI;Toyota Avanza / Xenia 03-11 1st Gen;1;188000;188000;28/04/2023;2915000;649128079;Paid;1-10001;60;1367
INV2023;1;MJD;FDR-AVANZA11ORI;Toyota Avanza / Xenia 11-15 2nd Gen/3rd Gen;1;188000;188000;28/04/2023;2915000;649128079;Paid;1-10001;60;1367
INV2023;1;MJD;RDL-AVANZA11ORI;Toyota Avanza / Xenia 11-15 2nd Gen/3rd Gen;1;188000;188000;28/04/2023;2915000;649128079;Paid;1-10001;60;1367
INV2023;1;MJD;RDR-AVANZA11ORI;Toyota Avanza / Xenia 11-15 2nd Gen/3rd Gen;1;188000;188000;28/04/2023;2915000;649128079;Paid;1-10001;60;1367
INV2023;1;MJD;RVL-SIGRA16AGC;Toyota Calya /  Sigra 16-;1;57000;57000;28/04/2023;2915000;649128079;Paid;1-10001;60;1367
INV2023;1;MJD;RVR-SIGRA16AGC;Toyota Calya /  Sigra 16-;1;57000;57000;28/04/2023;2915000;649128079;Paid;1-10001;60;1367
INV2023;1;MJD;LFW-CX5GEN1RSFY;Mazda CX-5 .12-14 1st Gen KE Pre - (1 Sensor/ ? );1;2269500;2269500;28/04/2023;2915000;649128079;Paid;1-10001;60;1367
INV2023;1;MJD;LFW-CRV17XYG;Honda CR-V 17- 5th Gen;1;1164000;1164000;28/04/2023;2915000;649128079;Paid;1-10001;60;1367
INV2023;1;MJD;LFW-ERTIGA12MU;Suzuki Ertiga 12-18 1st Gen MPV;1;696000;696000;28/04/2023;2915000;649128079;Paid;1-10001;60;1367
INV2023;1;MJD;LFW-FREEDMU;Honda Freed 08-16 1st gen;1;1100000;1100000;28/04/2023;2915000;649128079;Paid;1-10001;60;1367
INV2023;1;MJD;LFW-INNOVA04MU;Toyota Innova 04-15 1st Gen;1;766000;766000;28/04/2023;2915000;649128079;Paid;1-10001;60;1367
INV2023;1;MJD;LFW-APVMU;Suzuki APV 03- Pickup/ Van (MULIA);1;726000;726000;28/04/2023;2915000;649128079;Paid;1-10001;60;1367
INV2023;1;MJD;RDL-RIO11FY;Kia Rio 11-17 UB Hatchback;1;693750;693750;28/04/2023;2915000;649128079;Paid;1-10001;60;1367
INV2023;1;MJD;OTH-SERTRANSPORT;Transport;1;30000;30000;28/04/2023;2915000;649128079;Paid;1-10001;60;1367
INV2023;1;MJD;SWR-OUTLANDERASH;Mitsubishi Outlander 10-21;1;860000;860000;28/04/2023;2915000;649128079;Paid;1-10001;60;1367
INV2023;1;MJD;LFW-W204RSXYG;Mers-Benz C-Class 07-14 W204 (1 Sensor/ ?);1;2454000;2454000;28/04/2023;2915000;649128079;Paid;1-10001;60;1367
INV2023;1;MJD;LFW-HRV14MU;Honda HR-V 14-21 5D SUV;1;1175000;1175000;28/04/2023;2915000;649128079;Paid;1-10001;60;1367
INV2023;1;MJD;LFW-FORTUNER05MU;Toyota Fortuner 05-15 1st Gen;1;765000;765000;28/04/2023;2915000;649128079;Paid;1-10001;60;1367
INV2023;1;MJD;LFW-MARCHMU;Nissan March 10- K13;1;850000;850000;28/04/2023;2915000;649128079;Paid;1-10001;60;1367
INV2023;1;MJD;LFW-SIGRAMU;Toyota Calya / Sigra 16-;1;674000;674000;28/04/2023;2915000;649128079;Paid;1-10001;60;1367
INV2023;1;MJD;LFW-KUDAMU;Mitsubishi Kuda 99-06;1;885000;885000;28/04/2023;2915000;649128079;Paid;1-10001;60;1367
INV2023;1;MJD;LFW-KAPSUL02MU;Toyota Kijang 02-04 Kapsul Lem Efi;1;775000;775000;28/04/2023;2915000;649128079;Paid;1-10001;60;1367
INV2023;1;MJD;LFW-AVANZA03MU;Toyota Avanza / Xenia 03-11 1st Gen;1;565000;565000;28/04/2023;2915000;649128079;Paid;1-10001;60;1367
INV2023;1;MJD;LFW-T30MU;Nissan X-Trail 01-07 T30;1;1090000;1090000;28/04/2023;2915000;649128079;Paid;1-10001;60;1367
INV2023;1;MJD;LFW-E8187MU;BMW E81/E87 (116I/120I);1;1750000;1750000;28/04/2023;2915000;649128079;Paid;1-10001;60;1367
INV2023;1;MJD;LFW-FORTUNER05MU;Toyota Fortuner 05-15 1st Gen;1;765000;765000;28/04/2023;2915000;649128079;Paid;1-10001;60;1367
INV2023;1;MJD;LFW-KAPSUL02MU;Toyota Kijang 02-04 Kapsul Lem Efi;1;700000;700000;28/04/2023;2915000;649128079;Paid;1-10001;60;1367
INV2023;1;MJD;LFW-KUDAMU;Mitsubishi Kuda 99-06;2;750000;1500000;28/04/2023;2915000;649128079;Paid;1-10001;60;1367
INV2023;1;MJD;SRL-HIACEXYG;Toyota Hi-Ace 04-20 Commuter;1;795000;795000;28/04/2023;2915000;649128079;Paid;1-10001;60;1367
INV2023;1;MJD;TRW-GRANDISXYG;Mitsubishi Grandis 03-11 EZ45/NA4W;1;1807500;1807500;28/04/2023;2915000;649128079;Paid;1-10001;60;1367
INV2023;1;MJD;LFW-APVMU;Suzuki APV 03- Pickup/ Van (MULIA);3;610000;1830000;28/04/2023;2915000;649128079;Paid;1-10001;60;1367
INV2023;1;MJD;LFW-ERTIGA12MU;Suzuki Ertiga 12-18 1st Gen MPV;3;580000;1740000;28/04/2023;2915000;649128079;Paid;1-10001;60;1367
INV2023;1;MJD;LFW-LIVINA07MU;Nissan Livina 07-18 L10/L11;3;692000;2076000;28/04/2023;2915000;649128079;Paid;1-10001;60;1367
INV2023;1;MJD;OTH-LISTINVTOY;List Kaca Depan INV;2;100000;200000;28/04/2023;2915000;649128079;Paid;1-10001;60;1367
INV2023;1;MJD;OTH-SEALANTXYG;Sealant Polyurethane XYG Tube;20;55000;1100000;28/04/2023;2915000;649128079;Paid;1-10001;60;1367
INV2023;1;MJD;SWR-GRANMAXLUXIOASH;Daihatsu Gran Max / Luxio 07-;1;190000;190000;28/04/2023;2915000;649128079;Paid;1-10001;60;1367
INV2023;1;MJD;SWL-GRANMAXLUXIOASH;Daihatsu Gran Max / Luxio 07-;1;190000;190000;28/04/2023;2915000;649128079;Paid;1-10001;60;1367
INV2023;1;MJD;LFW-MARCHMU;Nissan March 10- K13;2;775000;1550000;28/04/2023;2915000;649128079;Paid;1-10001;60;1367
INV2023;1;MJD;TRW-ERTIGA18XYG;Suzuki Ertiga 18- 2nd Gen / XL7;2;326250;652500;28/04/2023;2915000;649128079;Paid;1-10001;60;1367
INV2023;1;MJD;LFW-E90RSAUTO;BMW 3 Series 05-12 E90 / E91;1;1932000;1932000;28/04/2023;2915000;649128079;Paid;1-10001;60;1367
INV2023;1;MJD;OTH-SERTRANSPORT;Transport;1;70000;70000;28/04/2023;2915000;649128079;Paid;1-10001;60;1367
INV2023;1;MJD;LFW-INNOVA04MU;Toyota Innova 04-15 1st Gen;1;766000;766000;28/04/2023;2915000;649128079;Paid;1-10001;60;1367
INV2023;1;MJD;LFW-RUSH17MU;Toyota Rush / Terios 18-;1;715000;715000;28/04/2023;2915000;649128079;Paid;1-10001;60;1367
INV2023;1;MJD;TRW-SIRION1XYG;Daihatsu Sirion 04-10 1st Gen;1;691500;691500;28/04/2023;2915000;649128079;Paid;1-10001;60;1367
INV2023;1;MJD;OTH-LIST04TOYDAI;List Kaca Depan Code 04;1;65000;65000;28/04/2023;2915000;649128079;Paid;1-10001;60;1367
INV2023;1;MJD;OTH-SEALANTXYG;Sealant Polyurethane XYG Tube;20;55000;1100000;28/04/2023;2915000;649128079;Paid;1-10001;60;1367
INV2023;1;MJD;TRW-AVANZA03XYG;Toyota Avanza / Xenia 03-11 1st Gen;1;405750;405750;28/04/2023;2915000;649128079;Paid;1-10001;60;1367
INV2023;1;MJD;TRW-AVANZA03HAUTO;Toyota Avanza / Xenia 03-11 1st Gen;1;500250;500250;28/04/2023;2915000;649128079;Paid;1-10001;60;1367
INV2023;1;MJD;TRW-SIGRAMU;Toyota Calya / Sigra 16-;1;450000;450000;28/04/2023;2915000;649128079;Paid;1-10001;60;1367
INV2023;1;MJD;LFW-AVANZA16MU;Toyota Avanza / Xenia 15-21 3rd Gen;15;393294;5899410;28/04/2023;2915000;649128079;Paid;1-10001;60;1367
INV2023;1;MJD;LFW-ALTIS06RSXYG;Toyota Altis 06-13 E140 10th Gen;1;1500000;1500000;28/04/2023;2915000;649128079;Paid;1-10001;60;1367
INV2023;1;MJD;TRW-PICANTO04XYG;Kia Picanto 04-11 1st Gen;1;1475250;1475250;28/04/2023;2915000;649128079;Paid;1-10001;60;1367
INV2023;1;MJD;LFW-ACCORD98XYG;Honda Accord 98-02 S84/S86 6th Gen;1;1233750;1233750;28/04/2023;2915000;649128079;Paid;1-10001;60;1367
INV2023;1;MJD;RDR-SIRION2PIL;Daihatsu Sirion 11-18 2nd Gen;1;775000;775000;28/04/2023;2915000;649128079;Paid;1-10001;60;1367
INV2023;1;MJD;OTH-SEALANTXYG;Sealant Polyurethane XYG Tube;20;55000;1100000;28/04/2023;2915000;649128079;Paid;1-10001;60;1367
INV2023;1;MJD;OTH-SERTRANSPORT;Transport;1;50000;50000;28/04/2023;2915000;649128079;Paid;1-10001;60;1367
INV2023;1;MJD;LFW-SIGRAMU;Toyota Calya / Sigra 16-;1;674000;674000;28/04/2023;2915000;649128079;Paid;1-10001;60;1367
INV2023;1;MJD;LFW-DYNAMU;Toyota Dyna/Hino Dutro 00-;1;695000;695000;28/04/2023;2915000;649128079;Paid;1-10001;60;1367
INV2023;1;MJD;LFW-SIENTAXYG;Toyota Sienta 15-;1;999685;999685;28/04/2023;2915000;649128079;Paid;1-10001;60;1367
INV2023;1;MJD;LFW-CARRYFUTURAMU;Suzuki Carry Futura (1300cc) / Mitsubishi Colt T120;1;528000;528000;28/04/2023;2915000;649128079;Paid;1-10001;60;1367
INV2023;1;MJD;LFW-VIOS07MU;Toyota Vios 07-13 XP90 2nd Gen;1;830000;830000;28/04/2023;2915000;649128079;Paid;1-10001;60;1367
INV2023;1;MJD;LFW-INNOVA04MU;Toyota Innova 04-15 1st Gen;1;766000;766000;28/04/2023;2915000;649128079;Paid;1-10001;60;1367
INV2023;1;MJD;LFW-AVANZA03MU;Toyota Avanza / Xenia 03-11 1st Gen;1;565000;565000;28/04/2023;2915000;649128079;Paid;1-10001;60;1367
INV2023;1;MJD;LFW-BRIOMU;Honda Brio 10- / Mobilio 11-;1;775000;775000;28/04/2023;2915000;649128079;Paid;1-10001;60;1367
INV2023;1;MJD;TRW-AVANZA11MU;Toyota Avanza / Xenia 11-15 2nd Gen;1;440000;440000;28/04/2023;2915000;649128079;Paid;1-10001;60;1367
INV2023;1;MJD;TRW-SIGRAMU;Toyota Calya / Sigra 16-;1;450000;450000;28/04/2023;2915000;649128079;Paid;1-10001;60;1367
INV2023;1;MJD;LFW-VIOS07MU;Toyota Vios 07-13 XP90 2nd Gen;1;849750;849750;28/04/2023;2915000;649128079;Paid;1-10001;60;1367
INV2023;1;MJD;TRW-SIGRAMU;Toyota Calya / Sigra 16-;1;418000;418000;28/04/2023;2915000;649128079;Paid;1-10001;60;1367
INV2023;1;MJD;LFW-INNOVA04MU;Toyota Innova 04-15 1st Gen;5;647000;3235000;28/04/2023;2915000;649128079;Paid;1-10001;60;1367
INV2023;1;MJD;LFW-AVANZA03MU;Toyota Avanza / Xenia 03-11 1st Gen;10;393294;3932940;28/04/2023;2915000;649128079;Paid;1-10001;60;1367
INV2023;1;MJD;LFW-PICANTO11XYG;Kia Picanto 11-16 2nd Gen;1;1039253;1039253;28/04/2023;2915000;649128079;Paid;1-10001;60;1367
INV2023;1;MJD;LFW-RANGER04MU;Ford Everest 04-15 / Ranger 04-11 / Mazda BT-50;1;825000;825000;28/04/2023;2915000;649128079;Paid;1-10001;60;1367
INV2023;1;MJD;TRW-JAZZ07XYG;Honda Jazz 07-13 2nd Gen;1;797003;797003;28/04/2023;2915000;649128079;Paid;1-10001;60;1367
INV2023;1;MJD;TRW-INNOVA04XYG;Toyota Innova 04-15 1st Gen;1;825265;825265;28/04/2023;2915000;649128079;Paid;1-10001;60;1367
INV2023;1;MJD;LFW-CRV02XYG;Honda CR-V 02-04 2nd Gen (Spion Jepit);1;1195715;1195715;28/04/2023;2915000;649128079;Paid;1-10001;60;1367
INV2023;1;MJD;RDL-RANGER06ASH;Ford Ranger 04-11;1;200000;200000;28/04/2023;2915000;649128079;Paid;1-10001;60;1367
INV2023;1;MJD;OTH-PETIKAYU;Peti Kayu;1;50000;50000;28/04/2023;2915000;649128079;Paid;1-10001;60;1367
INV2023;1;MJD;OTH-SERTRANSPORT;Transport;1;25000;25000;28/04/2023;2915000;649128079;Paid;1-10001;60;1367
INV2023;1;MJD;LFW-EVALIAXYG;Nissan Evalia 10- X11M;1;936000;936000;28/04/2023;2915000;649128079;Paid;1-10001;60;1367
INV2023;1;MJD;LFW-DYNAMU;Toyota Dyna/Hino Dutro 00-;1;712500;712500;28/04/2023;2915000;649128079;Paid;1-10001;60;1367
INV2023;1;MJD;TRW-GRANMAXVANMU;Daihatsu Gran Max Minibus/Van;1;340000;340000;28/04/2023;2915000;649128079;Paid;1-10001;60;1367
INV2023;1;MJD;LFW-FORTUNER15MU;Toyota Fortuner 15- 2nd Gen;1;786000;786000;28/04/2023;2915000;649128079;Paid;1-10001;60;1367
INV2023;1;MJD;SWR-CONFEROKRTFY;Wuling Confero [Karet];1;0;0;28/04/2023;2915000;649128079;Paid;1-10001;60;1367
INV2023;1;MJD;TRW-RUSH17HMU;Toyota Rush / Terios 18-;1;600000;600000;28/04/2023;2915000;649128079;Paid;1-10001;60;1367
INV2023;1;MJD;LFW-PANTHER00MU;Isuzu Panther 00- 2nd Gen;1;825000;825000;28/04/2023;2915000;649128079;Paid;1-10001;60;1367
INV2023;1;MJD;RDR-FIESTAXYG;Ford Fiesta 09-17;1;495000;495000;28/04/2023;2915000;649128079;Paid;1-10001;60;1367
INV2023;1;MJD;TRW-MAZDA214XYG;Mazda 2 14- Skyactiv 4th Gen Hatchback;1;1236750;1236750;28/04/2023;2915000;649128079;Paid;1-10001;60;1367
INV2023;1;MJD;LFW-SIGRAMU;Toyota Calya / Sigra 16-;10;451066;4510660;28/04/2023;2915000;649128079;Paid;1-10001;60;1367
INV2023;1;MJD;TRW-SIGRAMU;Toyota Calya / Sigra 16-;5;375000;1875000;28/04/2023;2915000;649128079;Paid;1-10001;60;1367
INV2023;1;MJD;LFW-XPANDERMU;Mitsubishi Xpander 17-;3;842000;2526000;28/04/2023;2915000;649128079;Paid;1-10001;60;1367
INV2023;1;MJD;TRW-RUSH17HMU;Toyota Rush / Terios 18-;1;;0;28/04/2023;2915000;649128079;Paid;1-10001;60;1367
INV2023;1;MJD;LFW-E36MU;BMW 3 Series 90-99 E36;1;1100000;1100000;28/04/2023;2915000;649128079;Paid;1-10001;60;1367
INV2023;1;MJD;LFW-PICANTO04HTMXYG;Kia Picanto 04-11 1st Gen (Spion Hitam);1;1267775;1267775;28/04/2023;2915000;649128079;Paid;1-10001;60;1367
INV2023;1;MJD;LFW-CHEROKEEMU;Jeep Cherooke 94-99 XJ;1;975000;975000;28/04/2023;2915000;649128079;Paid;1-10001;60;1367
INV2023;1;MJD;LFW-BRIOMU;Honda Brio 10- / Mobilio 11-;1;781500;781500;28/04/2023;2915000;649128079;Paid;1-10001;60;1367
INV2023;1;MJD;TRW-MAZDA214XYG;Mazda 2 14- Skyactiv 4th Gen Hatchback;1;1236750;1236750;28/04/2023;2915000;649128079;Paid;1-10001;60;1367
INV2023;1;MJD;OTH-SEALANTXYG;Sealant Polyurethane XYG Tube;40;55000;2200000;28/04/2023;2915000;649128079;Paid;1-10001;60;1367
INV2023;1;MJD;LFW-ALPHARD08FY;Toyota Alphard 08-15 ANH20 2nd Gen;1;2817750;2817750;28/04/2023;2915000;649128079;Paid;1-10001;60;1367
INV2023;1;MJD;RDL-TARUNAASH;Daihatsu Taruna;1;300000;300000;28/04/2023;2915000;649128079;Paid;1-10001;60;1367
INV2023;1;MJD;TRW-CAREN99XYG;Kia Caren 1 99-04;1;1470750;1470750;28/04/2023;2915000;649128079;Paid;1-10001;60;1367
INV2023;1;MJD;RDR-BRIO18AGC;Honda Brio 18-;1;153180;153180;28/04/2023;2915000;649128079;Paid;1-10001;60;1367
INV2023;1;MJD;RDL-BRIO18AGC;Honda Brio 18-;1;153180;153180;28/04/2023;2915000;649128079;Paid;1-10001;60;1367
INV2023;1;MJD;LFW-AGYAMU;Toyota Agya/Ayla;1;525000;525000;28/04/2023;2915000;649128079;Paid;1-10001;60;1367
INV2023;1;MJD;LFW-JAZZ01MU;Honda Jazz 01-07 1st Gen;1;862000;862000;28/04/2023;2915000;649128079;Paid;1-10001;60;1367
INV2023;1;MJD;LFW-CRV12MU;Honda CR-V 12-16 4th Gen;1;1050000;1050000;28/04/2023;2915000;649128079;Paid;1-10001;60;1367
INV2023;1;MJD;LFW-W204RSXYG;Mers-Benz C-Class 07-14 W204 (1 Sensor/ ?);1;2642140;2642140;28/04/2023;2915000;649128079;Paid;1-10001;60;1367
INV2023;1;MJD;LFW-E8187MU;BMW E81/E87 (116I/120I);1;1350000;1350000;28/04/2023;2915000;649128079;Paid;1-10001;60;1367
INV2023;1;MJD;LFW-LIVINA07MU;Nissan Livina 07-18 L10/L11;3;692000;2076000;28/04/2023;2915000;649128079;Paid;1-10001;60;1367
INV2023;1;MJD;LFW-VIOS07MU;Toyota Vios 07-13 XP90 2nd Gen;3;720000;2160000;28/04/2023;2915000;649128079;Paid;1-10001;60;1367
INV2023;1;MJD;TRW-GRANMAXVANMU;Daihatsu Gran Max Minibus/Van;5;300000;1500000;28/04/2023;2915000;649128079;Paid;1-10001;60;1367
INV2023;1;MJD;TRW-AVANZA11MU;Toyota Avanza / Xenia 11-15 2nd Gen;5;390000;1950000;28/04/2023;2915000;649128079;Paid;1-10001;60;1367
INV2023;1;MJD;LFW-FORTUNER05MU;Toyota Fortuner 05-15 1st Gen;5;642000;3210000;28/04/2023;2915000;649128079;Paid;1-10001;60;1367
INV2023;1;MJD;LFW-APVMU;Suzuki APV 03- Pickup/ Van (MULIA);3;610000;1830000;28/04/2023;2915000;649128079;Paid;1-10001;60;1367
INV2023;1;MJD;LFW-KAPSUL02MU;Toyota Kijang 02-04 Kapsul Lem Efi;1;700000;700000;28/04/2023;2915000;649128079;Paid;1-10001;60;1367
INV2023;1;MJD;LFW-W203RS1XYG;Mers-Benz C-Class 00-07 W203 (1 Sensor/ ? Tengah);1;2955750;2955750;28/04/2023;2915000;649128079;Paid;1-10001;60;1367
INV2023;1;MJD;LFW-CRV12MU;Honda CR-V 12-16 4th Gen;1;950000;950000;28/04/2023;2915000;649128079;Paid;1-10001;60;1367
INV2023;1;MJD;SWR-H1HY;Hyundai H1 08- / Mover (Hyundai);1;600000;600000;28/04/2023;2915000;649128079;Paid;1-10001;60;1367
INV2023;1;MJD;LFW-BRIOMU;Honda Brio 10- / Mobilio 11-;1;781500;781500;28/04/2023;2915000;649128079;Paid;1-10001;60;1367
INV2023;1;MJD;SWL-H1FY;Hyundai H1 08- / Mover;1;651750;651750;28/04/2023;2915000;649128079;Paid;1-10001;60;1367
INV2023;1;MJD;TRW-PANTHER91ASH;Isuzu Panther 91-99 1st Gen Kotak;1;235000;235000;28/04/2023;2915000;649128079;Paid;1-10001;60;1367
INV2023;1;MJD;FDL-CRV07ASH;Honda CR-V 07-11 3rd Gen;1;335000;335000;28/04/2023;2915000;649128079;Paid;1-10001;60;1367
INV2023;1;MJD;TRW-JAZZ07XYG;Honda Jazz 07-13 2nd Gen;1;740250;740250;28/04/2023;2915000;649128079;Paid;1-10001;60;1367
INV2023;1;MJD;OTH-SERTRANSPORT;Transport;1;50000;50000;28/04/2023;2915000;649128079;Paid;1-10001;60;1367
INV2023;1;MJD;LFW-CRV07XYG;Honda CR-V 07-11 3rd Gen;1;1126500;1126500;28/04/2023;2915000;649128079;Paid;1-10001;60;1367
INV2023;1;MJD;LFW-HRV14MU;Honda HR-V 14-21 5D SUV;1;1175000;1175000;28/04/2023;2915000;649128079;Paid;1-10001;60;1367
INV2023;1;MJD;TRW-OUTLANDERXYG;Mitsubishi Outlander 10-21 GA3;1;818250;818250;28/04/2023;2915000;649128079;Paid;1-10001;60;1367
INV2023;1;MJD;FDR-MAZDA214XYG;Mazda 2 14- Skyactiv 4th Gen Hatchback;1;543750;543750;28/04/2023;2915000;649128079;Paid;1-10001;60;1367
INV2023;1;MJD;TRW-CONFEROHOLEXYG;Wuling Confero;1;751500;751500;28/04/2023;2915000;649128079;Paid;1-10001;60;1367
INV2023;1;MJD;TRW-PICANTO04XYG;Kia Picanto 04-11 1st Gen;1;1475250;1475250;28/04/2023;2915000;649128079;Paid;1-10001;60;1367
INV2023;1;MJD;OTH-SERTRANSPORT;Transport;1;50000;50000;28/04/2023;2915000;649128079;Paid;1-10001;60;1367
INV2023;1;MJD;LFW-CRV12MU;Honda CR-V 12-16 4th Gen;1;950000;950000;28/04/2023;2915000;649128079;Paid;1-10001;60;1367
INV2023;1;MJD;LFW-HILUX15MU;Toyota Hilux Pickup 15- (Revo);1;786000;786000;28/04/2023;2915000;649128079;Paid;1-10001;60;1367
INV2023;1;MJD;LFW-C26XYG;Nissan Serena 10-19 MKIV C26;1;1900855;1900855;28/04/2023;2915000;649128079;Paid;1-10001;60;1367
INV2023;1;MJD;LFW-TERIOS06MU;Toyota Rush / Terios 06-17;1;754000;754000;28/04/2023;2915000;649128079;Paid;1-10001;60;1367
INV2023;1;MJD;FDL-AVANZA11ASH;Toyota Avanza / Xenia 11-15 2nd Gen/ 15-21 3rd Gen;1;200000;200000;28/04/2023;2915000;649128079;Paid;1-10001;60;1367
INV2023;1;MJD;OTH-SERTRANSPORT;Transport;1;50000;50000;28/04/2023;2915000;649128079;Paid;1-10001;60;1367
INV2023;1;MJD;LFW-ALPHARD02PIL;Toyota Alphard 02-08 ANH10 1st Gen;1;3393115;3393115;28/04/2023;2915000;649128079;Paid;1-10001;60;1367
INV2023;1;MJD;LFW-AGYAMU;Toyota Agya/Ayla;1;525000;525000;28/04/2023;2915000;649128079;Paid;1-10001;60;1367
INV2023;1;MJD;TRW-LIVINA13XYG;Nissan Livina 13-18 L11 (Lubang);1;771163;771163;28/04/2023;2915000;649128079;Paid;1-10001;60;1367
INV2023;1;MJD;TRW-INNOVA04HXYG;Toyota Innova 04-15 1st Gen;1;881790;881790;28/04/2023;2915000;649128079;Paid;1-10001;60;1367
INV2023;1;MJD;TRW-FORTUNER05FY;Toyota Fortuner 05-15 1st Gen;1;1250250;1250250;28/04/2023;2915000;649128079;Paid;1-10001;60;1367
INV2023;1;MJD;OTH-SEALANTXYG;Sealant Polyurethane XYG Tube;20;55000;1100000;28/04/2023;2915000;649128079;Paid;1-10001;60;1367
INV2023;1;MJD;OTH-SERTRANSPORT;Transport;1;60000;60000;28/04/2023;2915000;649128079;Paid;1-10001;60;1367
INV2023;1;MJD;LFW-FOCUS04MU;Ford Focus 04-11 Hatchback/Sedan;1;1250000;1250000;28/04/2023;2915000;649128079;Paid;1-10001;60;1367
INV2023;1;MJD;LFW-TRAGAMU;Isuzu Traga;1;760000;760000;28/04/2023;2915000;649128079;Paid;1-10001;60;1367
INV2023;1;MJD;FDR-TERIOS06ASH;Toyota Rush / Terios 06-17;1;230000;230000;28/04/2023;2915000;649128079;Paid;1-10001;60;1367
INV2023;1;MJD;FDL-TERIOS06ASH;Toyota Rush / Terios 06-17;1;230000;230000;28/04/2023;2915000;649128079;Paid;1-10001;60;1367
INV2023;1;MJD;RDR-TERIOS06ASH;Toyota Rush / Terios 06-17;1;230000;230000;28/04/2023;2915000;649128079;Paid;1-10001;60;1367
INV2023;1;MJD;OTH-SERTRANSPORT;Transport;1;60000;60000;28/04/2023;2915000;649128079;Paid;1-10001;60;1367
INV2023;1;MJD;LFW-TERIOS06AGC;Toyota Rush / Terios 06-17;1;1358500;1358500;28/04/2023;2915000;649128079;Paid;1-10001;60;1367
INV2023;1;MJD;LFW-AGYA13AGC;Toyota Agya/Ayla 13-22 1st Gen;1;622250;622250;28/04/2023;2915000;649128079;Paid;1-10001;60;1367
INV2023;1;MJD;LFW-NAVARA97MU;Nissan Frontier Navara 97-04 D22 1st Gen;1;1000000;1000000;28/04/2023;2915000;649128079;Paid;1-10001;60;1367
INV2023;1;MJD;LFW-E46NORSMU;BMW 3 Series 98-06 E46;1;1300000;1300000;28/04/2023;2915000;649128079;Paid;1-10001;60;1367
INV2023;1;MJD;LFW-FJ200RSXYG;Toyota LandCruiser 07- FJ200;1;2310000;2310000;28/04/2023;2915000;649128079;Paid;1-10001;60;1367
INV2023;1;MJD;TRW-BRV16XYG;Honda BR-V 16-;1;795750;795750;28/04/2023;2915000;649128079;Paid;1-10001;60;1367
INV2023;1;MJD;OTH-SERTRANSPORT;Transport;1;50000;50000;28/04/2023;2915000;649128079;Paid;1-10001;60;1367
INV2023;1;MJD;LFW-HRV14AGC;Honda HR-V 14-21 5D SUV;1;2055720;2055720;28/04/2023;2915000;649128079;Paid;1-10001;60;1367
INV2023;1;MJD;LFW-BRIOAGC;Honda Brio 10- / Mobilio 11-;2;774780;1549560;28/04/2023;2915000;649128079;Paid;1-10001;60;1367
INV2023;1;MJD;FDL-T31XYG;Nissan X-Trail 07-13 T31;1;381000;381000;28/04/2023;2915000;649128079;Paid;1-10001;60;1367
INV2023;1;MJD;TRW-TERIOS06XYG;Toyota Rush / Terios 06-17;1;486000;486000;28/04/2023;2915000;649128079;Paid;1-10001;60;1367
INV2023;1;MJD;TRW-AVANZA03XYG;Toyota Avanza / Xenia 03-11 1st Gen;1;436858;436858;28/04/2023;2915000;649128079;Paid;1-10001;60;1367
INV2023;1;MJD;TRW-LIVINA07XYG;Nissan Livina 07-12 L10 (Tanpa Lubang);1;685568;685568;28/04/2023;2915000;649128079;Paid;1-10001;60;1367
INV2023;1;MJD;TRW-TERIOS06HOLEXYG;Toyota Rush / Terios 06-17;1;514378;514378;28/04/2023;2915000;649128079;Paid;1-10001;60;1367
INV2023;1;MJD;LFW-LOUHANMU;Hino Ranger Louhan 03- / Hino 500;1;1175000;1175000;28/04/2023;2915000;649128079;Paid;1-10001;60;1367
INV2023;1;MJD;SWR-AVANZA11MU;Toyota Avanza / Xenia 11-15 2nd Gen;1;195000;195000;28/04/2023;2915000;649128079;Paid;1-10001;60;1367
INV2023;1;MJD;SWR-TERIOS06AGC;Toyota Rush / Terios 06-17;1;650750;650750;28/04/2023;2915000;649128079;Paid;1-10001;60;1367
INV2023;1;MJD;TRW-T31XYG;Nissan X-Trail 07-13 T31;1;1233000;1233000;28/04/2023;2915000;649128079;Paid;1-10001;60;1367
INV2023;1;MJD;LFW-FE700MU;Mitsubishi Canter FE700 01- (PS110,125);1;635000;635000;28/04/2023;2915000;649128079;Paid;1-10001;60;1367
INV2023;1;MJD;LFW-QQ03MU;Chery QQ 03-15 S11 5D / Spark 98-05;1;975000;975000;28/04/2023;2915000;649128079;Paid;1-10001;60;1367
INV2023;1;MJD;LFW-FREEDMU;Honda Freed 08-16 1st gen;1;1100000;1100000;28/04/2023;2915000;649128079;Paid;1-10001;60;1367
INV2023;1;MJD;TRW-FORTUNER05BLACKXYG;Toyota Fortuner 05-15 1st Gen (Hitam);1;1462500;1462500;28/04/2023;2915000;649128079;Paid;1-10001;60;1367
INV2023;1;MJD;LFW-KUDAMU;Mitsubishi Kuda 99-06;1;750000;750000;28/04/2023;2915000;649128079;Paid;1-10001;60;1367
INV2023;1;MJD;LFW-KAPSUL02MU;Toyota Kijang 02-04 Kapsul Lem Efi;1;700000;700000;28/04/2023;2915000;649128079;Paid;1-10001;60;1367
INV2023;1;MJD;TRW-AVANZA11MU;Toyota Avanza / Xenia 11-15 2nd Gen;5;390000;1950000;28/04/2023;2915000;649128079;Paid;1-10001;60;1367
INV2023;1;MJD;LFW-PICANTO04BMU;Kia Picanto 04-11 1st Gen (Spion Besi);1;1500000;1500000;28/04/2023;2915000;649128079;Paid;1-10001;60;1367
INV2023;1;MJD;OTH-SEALANTXYG;Sealant Polyurethane XYG Tube;40;55000;2200000;28/04/2023;2915000;649128079;Paid;1-10001;60;1367
INV2023;1;MJD;LFW-EVO3ASH;Mitsubishi Lancer  91-96 LE41 CB4/5 (Evo3);1;1310000;1310000;28/04/2023;2915000;649128079;Paid;1-10001;60;1367
INV2023;1;MJD;SWL-BALENOSX408XYG;Suzuki Baleno 08-15 SX4 Hatchback;1;319500;319500;28/04/2023;2915000;649128079;Paid;1-10001;60;1367
INV2023;1;MJD;OTH-SERTRANSPORT;Transport;1;50000;50000;28/04/2023;2915000;649128079;Paid;1-10001;60;1367
INV2023;1;MJD;TRW-INNOVA15HXYG;Toyota Innova 15- 2nd Gen;1;813153;813153;28/04/2023;2915000;649128079;Paid;1-10001;60;1367
INV2023;1;MJD;LFW-LIVINA07MU;Nissan Livina 07-18 L10/L11;3;692000;2076000;28/04/2023;2915000;649128079;Paid;1-10001;60;1367
INV2023;1;MJD;LFW-BRV16MU;Honda BR-V 16-;1;975000;975000;28/04/2023;2915000;649128079;Paid;1-10001;60;1367
INV2023;1;MJD;SWR-AVANZA11MU;Toyota Avanza / Xenia 11-15 2nd Gen;1;195000;195000;28/04/2023;2915000;649128079;Paid;1-10001;60;1367
INV2023;1;MJD;LFW-ALPHARD08RSPIL;Toyota Alphard 08-15 ANH20 2nd Gen;1;3393115;3393115;28/04/2023;2915000;649128079;Paid;1-10001;60;1367
INV2023;1;MJD;LFW-MAZDA209MU;Mazda 2 09-14 3rd Gen;1;1150000;1150000;28/04/2023;2915000;649128079;Paid;1-10001;60;1367
INV2023;1;MJD;RDR-RIO11XYG;Kia Rio 11-17 UB Hatchback;1;693750;693750;28/04/2023;2915000;649128079;Paid;1-10001;60;1367
INV2023;1;MJD;LFW-AVEGA01MU;Hyundai Accent Verna / Avega 01-12 Sedan;1;950000;950000;28/04/2023;2915000;649128079;Paid;1-10001;60;1367
INV2023;1;MJD;LFW-NAVARA04XYG;Nissan Frontier Navara 04-15 D40 2nd Gen;1;1094970;1094970;28/04/2023;2915000;649128079;Paid;1-10001;60;1367
INV2023;1;MJD;LFW-FREEDMU;Honda Freed 08-16 1st gen;1;1100000;1100000;28/04/2023;2915000;649128079;Paid;1-10001;60;1367
INV2023;1;MJD;LFW-AGYAMU;Toyota Agya/Ayla;1;525000;525000;28/04/2023;2915000;649128079;Paid;1-10001;60;1367
INV2023;1;MJD;LFW-DATSUNGOMU;Nissan Datsun Go/Go+ 14- (5-Seater);1;760000;760000;28/04/2023;2915000;649128079;Paid;1-10001;60;1367
INV2023;1;MJD;LFW-W202XYG;Mers-Benz C-Class 93-00 W202;1;1296000;1296000;28/04/2023;2915000;649128079;Paid;1-10001;60;1367
INV2023;1;MJD;RDR-TERIOS06ASH;Toyota Rush / Terios 06-17;1;230000;230000;28/04/2023;2915000;649128079;Paid;1-10001;60;1367
INV2023;1;MJD;OTH-SERTRANSPORT;Transport;1;50000;50000;28/04/2023;2915000;649128079;Paid;1-10001;60;1367
INV2023;1;MJD;LFW-FORTUNER05MU;Toyota Fortuner 05-15 1st Gen;8;575000;4600000;28/04/2023;2915000;649128079;Paid;1-10001;60;1367
INV2023;1;MJD;LFW-HILUX05MU;Toyota Hilux Pickup 05-15;2;575000;1150000;28/04/2023;2915000;649128079;Paid;1-10001;60;1367
INV2023;1;MJD;LFW-TATAACEXYG;Tata Superace 11-;1;810000;810000;28/04/2023;2915000;649128079;Paid;1-10001;60;1367
INV2023;1;MJD;SFL-ELGRAND02FY;Nissan Elgrand 02-10 E51 2nd Gen;1;1518000;1518000;28/04/2023;2915000;649128079;Paid;1-10001;60;1367
INV2023;1;MJD;LFW-NAVARA04MU;Nissan Frontier Navara 04-15 D40 2nd Gen;1;500000;500000;28/04/2023;2915000;649128079;Paid;1-10001;60;1367
INV2023;1;MJD;LFW-TERIOS06MU;Toyota Rush / Terios 06-17;1;754000;754000;28/04/2023;2915000;649128079;Paid;1-10001;60;1367
INV2023;1;MJD;RDL-EVALIAFRAMEXYG;Nissan Evalia 10- X11M;1;1425000;1425000;28/04/2023;2915000;649128079;Paid;1-10001;60;1367
INV2023;1;MJD;LFW-PICANTO11MU;Kia Picanto 11-16 2nd Gen;1;1200000;1200000;28/04/2023;2915000;649128079;Paid;1-10001;60;1367
INV2023;1;MJD;SWR-AVANZA11MU;Toyota Avanza / Xenia 11-15 2nd Gen;1;175000;175000;28/04/2023;2915000;649128079;Paid;1-10001;60;1367
INV2023;1;MJD;TRW-RUSH17HMU;Toyota Rush / Terios 18-;1;600000;600000;28/04/2023;2915000;649128079;Paid;1-10001;60;1367
INV2023;1;MJD;TRW-PICANTO04XYG;Kia Picanto 04-11 1st Gen;1;1475250;1475250;28/04/2023;2915000;649128079;Paid;1-10001;60;1367
INV2023;1;MJD;LFW-FIESTAMU;Ford Fiesta 09-17;1;975000;975000;28/04/2023;2915000;649128079;Paid;1-10001;60;1367
INV2023;1;MJD;LFW-CAREN99MU;Kia Caren 1 99-04 / Caren 2 04-12;1;1025000;1025000;28/04/2023;2915000;649128079;Paid;1-10001;60;1367
INV2023;1;MJD;LFW-TUCSON16FY;Hyundai Tucson 16- 3rd Gen;1;2714008;2714008;28/04/2023;2915000;649128079;Paid;1-10001;60;1367
INV2023;1;MJD;LFW-MAZDA214RS3XYG;Mazda 2 14- Skyactiv 4th Gen (3 Sensor/ /\8 );1;2436750;2436750;28/04/2023;2915000;649128079;Paid;1-10001;60;1367
INV2023;1;MJD;TRW-INNOVA04XYG;Toyota Innova 04-15 1st Gen;1;766500;766500;28/04/2023;2915000;649128079;Paid;1-10001;60;1367
INV2023;1;MJD;FDL-JAZZ07ASH;Honda Jazz 07-13 2nd Gen;1;355000;355000;28/04/2023;2915000;649128079;Paid;1-10001;60;1367
INV2023;1;MJD;OTH-SERTRANSPORT;Transport;1;60000;60000;28/04/2023;2915000;649128079;Paid;1-10001;60;1367
INV2023;1;MJD;LFW-JAZZ13MU;Honda Jazz 13- 3rd Gen;1;865000;865000;28/04/2023;2915000;649128079;Paid;1-10001;60;1367
INV2023;1;MJD;LFW-SIRION1XYG;Daihatsu Sirion 04-10 1st Gen;1;1065093;1065093;28/04/2023;2915000;649128079;Paid;1-10001;60;1367
INV2023;1;MJD;LFW-JAZZ01MU;Honda Jazz 01-07 1st Gen;1;862000;862000;28/04/2023;2915000;649128079;Paid;1-10001;60;1367
INV2023;1;MJD;LFW-CIVIC882DMU;Honda Civic 88-91(Grand) CIVICGRAND 2D/NOUVA 1998-;1;1500000;1500000;28/04/2023;2915000;649128079;Paid;1-10001;60;1367
INV2023;1;MJD;LFW-HIACEXYG;Toyota Hi-Ace 04-20 Commuter;1;1137766;1137766;28/04/2023;2915000;649128079;Paid;1-10001;60;1367
INV2023;1;MJD;FDL-HIACEXYG;Toyota Hi-Ace 04-20 Commuter;1;660535;660535;28/04/2023;2915000;649128079;Paid;1-10001;60;1367
INV2023;1;MJD;LFW-CITY02MU;Honda City 02-08 4th Gen Idsi GD8;1;1150000;1150000;28/04/2023;2915000;649128079;Paid;1-10001;60;1367
INV2023;1;MJD;LFW-STARLETXYG;Toyota Starlet KP80 89-95;1;916513;916513;28/04/2023;2915000;649128079;Paid;1-10001;60;1367
INV2023;1;MJD;LFW-F30AUTO;BMW 3 Series 12-18 F30/F35;1;3393115;3393115;28/04/2023;2915000;649128079;Paid;1-10001;60;1367
INV2023;1;MJD;LFW-AGYAMU;Toyota Agya/Ayla;1;525000;525000;28/04/2023;2915000;649128079;Paid;1-10001;60;1367
INV2023;1;MJD;LFW-FREEDMU;Honda Freed 08-16 1st gen;1;1100000;1100000;28/04/2023;2915000;649128079;Paid;1-10001;60;1367
INV2023;1;MJD;LFW-VIOS13MU;Toyota Yaris 13- 2nd Gen / Vios 14- 3rd Gen;1;870000;870000;28/04/2023;2915000;649128079;Paid;1-10001;60;1367
INV2023;1;MJD;LFW-SIRION18XYG;Daihatsu Sirion 18- 3rd Gen;1;1170875;1170875;28/04/2023;2915000;649128079;Paid;1-10001;60;1367
INV2023;1;MJD;LFW-FE700MU;Mitsubishi Canter FE700 01- (PS110,125);1;635000;635000;28/04/2023;2915000;649128079;Paid;1-10001;60;1367
INV2023;1;MJD;RDL-APVASH;Suzuki APV 03- Pickup/ Van;1;175000;175000;28/04/2023;2915000;649128079;Paid;1-10001;60;1367
INV2023;1;MJD;OTH-SERTRANSPORT;Transport;1;60000;60000;28/04/2023;2915000;649128079;Paid;1-10001;60;1367
INV2023;1;MJD;SWR-ESTILOASH;Suzuki Karimun Estilo 07-;1;485000;485000;28/04/2023;2915000;649128079;Paid;1-10001;60;1367
INV2023;1;MJD;OTH-SERTRANSPORT;Transport;1;50000;50000;28/04/2023;2915000;649128079;Paid;1-10001;60;1367
INV2023;1;MJD;TRW-SIGRAMU;Toyota Calya / Sigra 16-;10;350000;3500000;28/04/2023;2915000;649128079;Paid;1-10001;60;1367
INV2023;1;MJD;TRW-CARRY19SGP;Suzuki Carry New 19- (Pick Up);1;198500;198500;28/04/2023;2915000;649128079;Paid;1-10001;60;1367
INV2023;1;MJD;LFW-INNOVA04MU;Toyota Innova 04-15 1st Gen;5;647000;3235000;28/04/2023;2915000;649128079;Paid;1-10001;60;1367
INV2023;1;MJD;TRW-JAZZ07XYG;Honda Jazz 07-13 2nd Gen;2;740250;1480500;28/04/2023;2915000;649128079;Paid;1-10001;60;1367
INV2023;1;MJD;TRW-MOBILIOXYG;Honda Mobilio 14-;1;675750;675750;28/04/2023;2915000;649128079;Paid;1-10001;60;1367
INV2023;1;MJD;OTH-SEALANTXYG;Sealant Polyurethane XYG Tube;40;55000;2200000;28/04/2023;2915000;649128079;Paid;1-10001;60;1367
INV2023;1;MJD;TRW-AVANZA03XYG;Toyota Avanza / Xenia 03-11 1st Gen;1;436858;436858;28/04/2023;2915000;649128079;Paid;1-10001;60;1367
INV2023;1;MJD;LFW-CIVICGENIOXYG;Honda Civic 92-95 SR1/SR4 (Genio);1;972230;972230;28/04/2023;2915000;649128079;Paid;1-10001;60;1367
INV2023;1;MJD;TRW-FJ201LEX;Toyota LandCruiser / Lexus 07-21 FJ201 (Lexus);1;5644000;5644000;28/04/2023;2915000;649128079;Paid;1-10001;60;1367
INV2023;1;MJD;FDR-MAZDA214XYG;Mazda 2 14- Skyactiv 4th Gen Hatchback;1;543750;543750;28/04/2023;2915000;649128079;Paid;1-10001;60;1367
INV2023;1;MJD;OTH-SERTRANSPORT;Transport;1;50000;50000;28/04/2023;2915000;649128079;Paid;1-10001;60;1367
INV2023;1;MJD;LFW-RUSH17MU;Toyota Rush / Terios 18-;1;715000;715000;28/04/2023;2915000;649128079;Paid;1-10001;60;1367
INV2023;1;MJD;LFW-CIVIC96MU;Honda Civic 96-00 SO4/SO6 (Ferio);1;990000;990000;28/04/2023;2915000;649128079;Paid;1-10001;60;1367
INV2023;1;MJD;LFW-INNOVA15MU;Toyota Innova 15- 2nd Gen;1;988000;988000;28/04/2023;2915000;649128079;Paid;1-10001;60;1367
INV2023;1;MJD;LFW-VIOS13MU;Toyota Yaris 13- 2nd Gen / Vios 14- 3rd Gen;1;989250;989250;28/04/2023;2915000;649128079;Paid;1-10001;60;1367
INV2023;1;MJD;LFW-XPANDERMU;Mitsubishi Xpander 17-;3;842000;2526000;28/04/2023;2915000;649128079;Paid;1-10001;60;1367
INV2023;1;MJD;SWL-GRANMAXLUXIOASH;Daihatsu Gran Max / Luxio 07-;1;190000;190000;28/04/2023;2915000;649128079;Paid;1-10001;60;1367
INV2023;1;MJD;SWR-GRANMAXLUXIOASH;Daihatsu Gran Max / Luxio 07-;1;190000;190000;28/04/2023;2915000;649128079;Paid;1-10001;60;1367
INV2023;1;MJD;LFW-GRANMAXMU;Daihatsu Gran Max / Luxio 07-;10;393294;3932940;28/04/2023;2915000;649128079;Paid;1-10001;60;1367
INV2023;1;MJD;TRW-T31XYG;Nissan X-Trail 07-13 T31;1;1233000;1233000;28/04/2023;2915000;649128079;Paid;1-10001;60;1367
INV2023;1;MJD;LFW-CONFEROMU;Wuling Confero (Tanpa Spionnya);1;850000;850000;28/04/2023;2915000;649128079;Paid;1-10001;60;1367
INV2023;1;MJD;LFW-CITY96MU;Honda City 96-02 3rdGen (City Z);1;875000;875000;28/04/2023;2915000;649128079;Paid;1-10001;60;1367
INV2023;1;MJD;LFW-KARIMUN99XYG;Suzuki Karimun 99-06 Kotak;1;843838;843838;28/04/2023;2915000;649128079;Paid;1-10001;60;1367
INV2023;1;MJD;TRW-BRV16AUTO;Honda BR-V 16-;1;795750;795750;28/04/2023;2915000;649128079;Paid;1-10001;60;1367
INV2023;1;MJD;OTH-SERTRANSPORT;Transport;1;70000;70000;28/04/2023;2915000;649128079;Paid;1-10001;60;1367
INV2023;1;MJD;RDL-GETZFY;Hyundai Getz 02-11;1;363000;363000;28/04/2023;2915000;649128079;Paid;1-10001;60;1367
INV2023;1;MJD;OTH-SERTRANSPORT;Transport;1;50000;50000;28/04/2023;2915000;649128079;Paid;1-10001;60;1367
INV2023;1;MJD;LFW-VIOS13MU;Toyota Yaris 13- 2nd Gen / Vios 14- 3rd Gen;1;870000;870000;28/04/2023;2915000;649128079;Paid;1-10001;60;1367
INV2023;1;MJD;RDL-TRITON08ASH;Mitsubishi Strada Triton 08-15;1;245000;245000;28/04/2023;2915000;649128079;Paid;1-10001;60;1367
INV2023;1;MJD;FDL-AVANZA11ASH;Toyota Avanza / Xenia 11-15 2nd Gen/ 15-21 3rd Gen;1;200000;200000;28/04/2023;2915000;649128079;Paid;1-10001;60;1367
INV2023;1;MJD;OTH-SERTRANSPORT;Transport;1;50000;50000;28/04/2023;2915000;649128079;Paid;1-10001;60;1367
INV2023;1;MJD;SWR-AVANZA11MU;Toyota Avanza / Xenia 11-15 2nd Gen;1;195000;195000;28/04/2023;2915000;649128079;Paid;1-10001;60;1367
INV2023;1;MJD;LFW-W212RS2AUTO;Mers-Benz E-Class 09-16 W212 (2 Sensor/ ??);1;3255840;3255840;28/04/2023;2915000;649128079;Paid;1-10001;60;1367
INV2023;1;MJD;SWL-RUSH17AGC;Toyota Rush / Terios 18- (Toyota/Daihatsu);1;810000;810000;28/04/2023;2915000;649128079;Paid;1-10001;60;1367
INV2023;1;MJD;LFW-RUSH17MU;Toyota Rush / Terios 18-;1;715000;715000;28/04/2023;2915000;649128079;Paid;1-10001;60;1367
INV2023;1;MJD;SWL-AVANZA11MU;Toyota Avanza / Xenia 11-15 2nd Gen;1;195000;195000;28/04/2023;2915000;649128079;Paid;1-10001;60;1367
INV2023;1;MJD;LFW-VIOS02MU;Toyota Vios 02-07 XP40 1st Gen;1;797000;797000;28/04/2023;2915000;649128079;Paid;1-10001;60;1367
INV2023;1;MJD;LFW-TERIOS06MU;Toyota Rush / Terios 06-17;1;754000;754000;28/04/2023;2915000;649128079;Paid;1-10001;60;1367
INV2023;1;MJD;LFW-JAZZ01MU;Honda Jazz 01-07 1st Gen;1;862000;862000;28/04/2023;2915000;649128079;Paid;1-10001;60;1367
INV2023;1;MJD;LFW-VIOS02MU;Toyota Vios 02-07 XP40 1st Gen;1;797000;797000;28/04/2023;2915000;649128079;Paid;1-10001;60;1367
INV2023;1;MJD;SWR-SIGRA16MU;Toyota Calya / Sigra 16-;1;175000;175000;28/04/2023;2915000;649128079;Paid;1-10001;60;1367
INV2023;1;MJD;TRW-TERIOS06HOLEXYG;Toyota Rush / Terios 06-17;1;514378;514378;28/04/2023;2915000;649128079;Paid;1-10001;60;1367
INV2023;1;MJD;TRW-LIVINA07XYG;Nissan Livina 07-12 L10 (Tanpa Lubang);1;685568;685568;28/04/2023;2915000;649128079;Paid;1-10001;60;1367
INV2023;1;MJD;LFW-FJ40MU;Toyota LandCruiser 74- FJ40 / Jeep Hardtop;1;575000;575000;28/04/2023;2915000;649128079;Paid;1-10001;60;1367
INV2023;1;MJD;LFW-SIRION2MU;Daihatsu Sirion 11-18 2nd Gen;1;1075000;1075000;28/04/2023;2915000;649128079;Paid;1-10001;60;1367
INV2023;1;MJD;TRW-AVANZA03XYG;Toyota Avanza / Xenia 03-11 1st Gen;1;436858;436858;28/04/2023;2915000;649128079;Paid;1-10001;60;1367
INV2023;1;MJD;LFW-TERIOS06MU;Toyota Rush / Terios 06-17;1;850000;850000;28/04/2023;2915000;649128079;Paid;1-10001;60;1367
INV2023;1;MJD;TRW-BRV16AUTO;Honda BR-V 16-;1;795750;795750;28/04/2023;2915000;649128079;Paid;1-10001;60;1367
INV2023;1;MJD;LFW-BRV22ASH;Honda BR-V 22-;1;995000;995000;28/04/2023;2915000;649128079;Paid;1-10001;60;1367
INV2023;1;MJD;TRW-LIVINA07XYG;Nissan Livina 07-12 L10 (Tanpa Lubang);1;636750;636750;28/04/2023;2915000;649128079;Paid;1-10001;60;1367
INV2023;1;MJD;TRW-ERTIGA12XYG;Suzuki Ertiga 12-18 1st Gen MPV;1;398250;398250;28/04/2023;2915000;649128079;Paid;1-10001;60;1367
INV2023;1;MJD;OTH-SERTRANSPORT;Transport;1;50000;50000;28/04/2023;2915000;649128079;Paid;1-10001;60;1367
INV2023;1;MJD;LFW-YARIS05MU;Toyota Yaris 05-13 XP90 1st Gen;1;882000;882000;28/04/2023;2915000;649128079;Paid;1-10001;60;1367
INV2023;1;MJD;LFW-INNOVA15MU;Toyota Innova 15- 2nd Gen;1;988000;988000;28/04/2023;2915000;649128079;Paid;1-10001;60;1367
INV2023;1;MJD;TRW-ERTIGA12XYG;Suzuki Ertiga 12-18 1st Gen MPV;1;428782;428782;28/04/2023;2915000;649128079;Paid;1-10001;60;1367
INV2023;1;MJD;SWL-FREEDFY;Honda Freed 08-16 1st gen;1;272250;272250;28/04/2023;2915000;649128079;Paid;1-10001;60;1367
INV2023;1;MJD;OTH-PETIKAYU;Peti Kayu;1;50000;50000;28/04/2023;2915000;649128079;Paid;1-10001;60;1367
INV2023;1;MJD;LFW-PAJERO08MU;Mitsubishi Pajero 08-16;1;885000;885000;28/04/2023;2915000;649128079;Paid;1-10001;60;1367
INV2023;1;MJD;LFW-W204RS1MU;Mers-Benz C-Class 07-14 W204 (1 Sensor/ ?);1;2200000;2200000;28/04/2023;2915000;649128079;Paid;1-10001;60;1367
INV2023;1;MJD;TRW-XPANDERXYG;Mitsubishi Xpander 17-21;1;398250;398250;28/04/2023;2915000;649128079;Paid;1-10001;60;1367
INV2023;1;MJD;RDR-PAJERO16AGC;Mitsubishi Pajero 16- (Mitsubishi);1;685000;685000;28/04/2023;2915000;649128079;Paid;1-10001;60;1367
INV2023;1;MJD;FDR-BALENO01ASH;Suzuki Baleno 01-07 Next Gen;1;285000;285000;28/04/2023;2915000;649128079;Paid;1-10001;60;1367
INV2023;1;MJD;OTH-SERTRANSPORT;Transport;1;90000;90000;28/04/2023;2915000;649128079;Paid;1-10001;60;1367
INV2023;1;MJD;LFW-ALPHARD08FY;Toyota Alphard 08-15 ANH20 2nd Gen;1;2817750;2817750;28/04/2023;2915000;649128079;Paid;1-10001;60;1367
INV2023;1;MJD;LFW-JAZZ01MU;Honda Jazz 01-07 1st Gen;1;918000;918000;28/04/2023;2915000;649128079;Paid;1-10001;60;1367
INV2023;1;MJD;LFW-E34MU;BMW E34 1987-96;1;1050000;1050000;28/04/2023;2915000;649128079;Paid;1-10001;60;1367
INV2023;1;MJD;LFW-TERRANOMU;Nissan Terrano 95-06;1;950000;950000;28/04/2023;2915000;649128079;Paid;1-10001;60;1367
INV2023;1;MJD;LFW-GAVEGAXYG;Hyundai Grand Avega 11-16 RB;1;1447848;1447848;28/04/2023;2915000;649128079;Paid;1-10001;60;1367
INV2023;1;MJD;LFW-FIESTAMU;Ford Fiesta 09-17;1;975000;975000;28/04/2023;2915000;649128079;Paid;1-10001;60;1367
INV2023;1;MJD;LFW-T31MU;Nissan X-Trail 07-13 T31;1;1050000;1050000;28/04/2023;2915000;649128079;Paid;1-10001;60;1367
INV2023;1;MJD;TRW-FORTUNER05BLACKXYG;Toyota Fortuner 05-15 1st Gen (Hitam);1;1462500;1462500;28/04/2023;2915000;649128079;Paid;1-10001;60;1367
INV2023;1;MJD;TRW-TERIOS06HOLEXYG;Toyota Rush / Terios 06-17;1;477750;477750;28/04/2023;2915000;649128079;Paid;1-10001;60;1367
INV2023;1;MJD;OTH-SEALANTXYG;Sealant Polyurethane XYG Tube;40;55000;2200000;28/04/2023;2915000;649128079;Paid;1-10001;60;1367
INV2023;1;MJD;TRW-AVANZA03XYG;Toyota Avanza / Xenia 03-11 1st Gen;1;405750;405750;28/04/2023;2915000;649128079;Paid;1-10001;60;1367
INV2023;1;MJD;LFW-RAV400XYG;Toyota RAV4 00-05 XA20 2th Gen / Cherry Tiggo;1;1248000;1248000;28/04/2023;2915000;649128079;Paid;1-10001;60;1367
INV2023;1;MJD;LFW-ALPHARD15AUTO;Toyota Alphard 15-17 ANH30 3rd Gen (Sensor atas keramik);1;2451000;2451000;28/04/2023;2915000;649128079;Paid;1-10001;60;1367
INV2023;1;MJD;LFW-TERIOS06MU;Toyota Rush / Terios 06-17;10;555000;5550000;28/04/2023;2915000;649128079;Paid;1-10001;60;1367
INV2023;1;MJD;LFW-AVANZA11MU;Toyota Avanza / Xenia 11-15 2nd Gen;10;393294;3932940;28/04/2023;2915000;649128079;Paid;1-10001;60;1367
INV2023;1;MJD;LFW-FJ40MU;Toyota LandCruiser 74- FJ40 / Jeep Hardtop;1;575000;575000;28/04/2023;2915000;649128079;Paid;1-10001;60;1367
INV2023;1;MJD;LFW-DYNAMU;Toyota Dyna/Hino Dutro 00-;1;695000;695000;28/04/2023;2915000;649128079;Paid;1-10001;60;1367
INV2023;1;MJD;LFW-CARRY19MU;Suzuki Carry New 19-;1;625000;625000;28/04/2023;2915000;649128079;Paid;1-10001;60;1367
INV2023;1;MJD;TRW-F10XYG;BMW 5 Series 10-16 F10;1;2187000;2187000;28/04/2023;2915000;649128079;Paid;1-10001;60;1367
INV2023;1;MJD;LFW-JAZZ01MU;Honda Jazz 01-07 1st Gen;1;918000;918000;28/04/2023;2915000;649128079;Paid;1-10001;60;1367
INV2023;1;MJD;LFW-ELFNMRXYG;Isuzu Elf 17- New NMR NLR;1;738055;738055;28/04/2023;2915000;649128079;Paid;1-10001;60;1367
INV2023;1;MJD;LFW-SPINMU;Chevrolet Spin 12-;1;1000000;1000000;28/04/2023;2915000;649128079;Paid;1-10001;60;1367
INV2023;1;MJD;LFW-JAZZ13MU;Honda Jazz 13- 3rd Gen;1;865000;865000;28/04/2023;2915000;649128079;Paid;1-10001;60;1367
INV2023;1;MJD;LFW-GRANDISXYG;Mitsubishi Grandis 03-11 EZ45/NA4W;1;2907000;2907000;28/04/2023;2915000;649128079;Paid;1-10001;60;1367
INV2023;1;MJD;LFW-ALMAZXYG;Wuling Almaz;1;1386000;1386000;28/04/2023;2915000;649128079;Paid;1-10001;60;1367
INV2023;1;MJD;LFW-EVO4XYG;Mitsubishi Lancer 95-03 LG41/CK2/CK4(Evo4);1;1095750;1095750;28/04/2023;2915000;649128079;Paid;1-10001;60;1367
INV2023;1;MJD;LFW-CIVIC96MU;Honda Civic 96-00 SO4/SO6 (Ferio);1;990000;990000;28/04/2023;2915000;649128079;Paid;1-10001;60;1367
INV2023;1;MJD;LFW-W212RS2AUTO;Mers-Benz E-Class 09-16 W212 (2 Sensor/ ??);1;2300000;2300000;28/04/2023;2915000;649128079;Paid;1-10001;60;1367
INV2023;1;MJD;LFW-ALTIS00MU;Toyota Altis 00-06 E120/130 9th Gen;1;1350000;1350000;28/04/2023;2915000;649128079;Paid;1-10001;60;1367
INV2023;1;MJD;TRW-BRIO18XYG;Honda Brio 18-;1;678300;678300;28/04/2023;2915000;649128079;Paid;1-10001;60;1367
INV2023;1;MJD;LFW-E8187MU;BMW E81/E87 (116I/120I);1;1750000;1750000;28/04/2023;2915000;649128079;Paid;1-10001;60;1367
INV2023;1;MJD;LFW-DYNAMU;Toyota Dyna/Hino Dutro 00-;10;427735;4277350;28/04/2023;2915000;649128079;Paid;1-10001;60;1367
INV2023;1;MJD;LFW-XPANDERMU;Mitsubishi Xpander 17-;3;842000;2526000;28/04/2023;2915000;649128079;Paid;1-10001;60;1367
INV2023;1;MJD;TRW-AVANZA03XYG;Toyota Avanza / Xenia 03-11 1st Gen;2;405750;811500;28/04/2023;2915000;649128079;Paid;1-10001;60;1367
INV2023;1;MJD;LFW-LIVINA07MU;Nissan Livina 07-18 L10/L11;3;692000;2076000;28/04/2023;2915000;649128079;Paid;1-10001;60;1367
INV2023;1;MJD;OTH-LIST04TOYDAI;List Kaca Depan Code 04;2;65000;130000;28/04/2023;2915000;649128079;Paid;1-10001;60;1367
INV2023;1;MJD;TRW-INNOVA04XYG;Toyota Innova 04-15 1st Gen;1;766500;766500;28/04/2023;2915000;649128079;Paid;1-10001;60;1367
INV2023;1;MJD;TRW-INNOVA04HXYG;Toyota Innova 04-15 1st Gen;1;819000;819000;28/04/2023;2915000;649128079;Paid;1-10001;60;1367
INV2023;1;MJD;LFW-E8187MU;BMW E81/E87 (116I/120I);1;1350000;1350000;28/04/2023;2915000;649128079;Paid;1-10001;60;1367
INV2023;1;MJD;FDL-AVANZA11ORI;Toyota Avanza / Xenia 11-15 2nd Gen/3rd Gen;1;188000;188000;28/04/2023;2915000;649128079;Paid;1-10001;60;1367
INV2023;1;MJD;LFW-JAZZ07MU;Honda Jazz 07-13 2nd Gen;1;944000;944000;28/04/2023;2915000;649128079;Paid;1-10001;60;1367
INV2023;1;MJD;LFW-JAZZ13MU;Honda Jazz 13- 3rd Gen;1;865000;865000;28/04/2023;2915000;649128079;Paid;1-10001;60;1367
INV2023;1;MJD;LFW-CITY02MU;Honda City 02-08 4th Gen Idsi GD8;1;998000;998000;28/04/2023;2915000;649128079;Paid;1-10001;60;1367
INV2023;1;MJD;SWR-GRANMAXLUXIOASH;Daihatsu Gran Max / Luxio 07-;1;190000;190000;28/04/2023;2915000;649128079;Paid;1-10001;60;1367
INV2023;1;MJD;SWL-GRANMAXLUXIOASH;Daihatsu Gran Max / Luxio 07-;1;190000;190000;28/04/2023;2915000;649128079;Paid;1-10001;60;1367
INV2023;1;MJD;RDL-GRANMAXASH;Daihatsu Gran Max Minibus/Van;1;170000;170000;28/04/2023;2915000;649128079;Paid;1-10001;60;1367
INV2023;1;MJD;RDR-GRANMAXASH;Daihatsu Gran Max Minibus/Van;1;170000;170000;28/04/2023;2915000;649128079;Paid;1-10001;60;1367
INV2023;1;MJD;FDL-BRIOASH;Honda Brio 10-;1;215000;215000;28/04/2023;2915000;649128079;Paid;1-10001;60;1367
INV2023;1;MJD;OTH-SERTRANSPORT;Transport;1;50000;50000;28/04/2023;2915000;649128079;Paid;1-10001;60;1367
INV2023;1;MJD;LFW-TARUNAMU;Daihatsu Taruna;1;815000;815000;28/04/2023;2915000;649128079;Paid;1-10001;60;1367
INV2023;1;MJD;LFW-CX5GEN1RSFY;Mazda CX-5 .12-14 1st Gen KE Pre - (1 Sensor/ ? );1;2443495;2443495;28/04/2023;2915000;649128079;Paid;1-10001;60;1367
INV2023;1;MJD;LFW-FE700MU;Mitsubishi Canter FE700 01- (PS110,125);1;635000;635000;28/04/2023;2915000;649128079;Paid;1-10001;60;1367
INV2023;1;MJD;LFW-W204RS1MU;Mers-Benz C-Class 07-14 W204 (1 Sensor/ ?);1;2200000;2200000;28/04/2023;2915000;649128079;Paid;1-10001;60;1367
INV2023;1;MJD;LFW-FJ100RSXYG;Toyota LandCruiser 98-07 FJ100 (Signus) [Sensor];1;2494500;2494500;28/04/2023;2915000;649128079;Paid;1-10001;60;1367
INV2023;1;MJD;OTH-PETIKAYU;Peti Kayu;1;300000;300000;28/04/2023;2915000;649128079;Paid;1-10001;60;1367
INV2023;1;MJD;LFW-FORTUNER15MU;Toyota Fortuner 15- 2nd Gen;1;786000;786000;28/04/2023;2915000;649128079;Paid;1-10001;60;1367
INV2023;1;MJD;SWL-AVANZA11MU;Toyota Avanza / Xenia 11-15 2nd Gen;1;195000;195000;28/04/2023;2915000;649128079;Paid;1-10001;60;1367
INV2023;1;MJD;LFW-DATSUNGOMU;Nissan Datsun Go/Go+ 14- (5-Seater);1;760000;760000;28/04/2023;2915000;649128079;Paid;1-10001;60;1367
INV2023;1;MJD;LFW-FIESTAMU;Ford Fiesta 09-17;1;975000;975000;28/04/2023;2915000;649128079;Paid;1-10001;60;1367
INV2023;1;MJD;FDL-INNOVA15ASH;Toyota Innova 15- 2nd Gen;1;360800;360800;28/04/2023;2915000;649128079;Paid;1-10001;60;1367
INV2023;1;MJD;SWL-INNOVA15ASH;Toyota Innova 15- 2nd Gen;1;550800;550800;28/04/2023;2915000;649128079;Paid;1-10001;60;1367
INV2023;1;MJD;TRW-JAZZ01XYG;Honda Jazz 01-07 1st Gen;1;809923;809923;28/04/2023;2915000;649128079;Paid;1-10001;60;1367
INV2023;1;MJD;LFW-HRV14MU;Honda HR-V 14-21 5D SUV;1;1175000;1175000;28/04/2023;2915000;649128079;Paid;1-10001;60;1367
INV2023;1;MJD;FDR-INNOVA15ASH;Toyota Innova 15- 2nd Gen;1;360800;360800;28/04/2023;2915000;649128079;Paid;1-10001;60;1367
INV2023;1;MJD;TRW-TERIOS06HHOLEXYG;Toyota Rush / Terios 06-17;1;569288;569288;28/04/2023;2915000;649128079;Paid;1-10001;60;1367
INV2023;1;MJD;LFW-E34MU;BMW E34 1987-96;1;1050000;1050000;28/04/2023;2915000;649128079;Paid;1-10001;60;1367
INV2023;1;MJD;LFW-STARLETXYG;Toyota Starlet KP80 89-95;1;851250;851250;28/04/2023;2915000;649128079;Paid;1-10001;60;1367
INV2023;1;MJD;OTH-PETIKAYU;Peti Kayu;1;150000;150000;28/04/2023;2915000;649128079;Paid;1-10001;60;1367
INV2023;1;MJD;LFW-KAPSUL97MU;Toyota Kijang 98- Kapsul Karet;1;775000;775000;28/04/2023;2915000;649128079;Paid;1-10001;60;1367
INV2023;1;MJD;LFW-VITARA88MU;Suzuki Vitara 88-97 / Escudo / Sidekick;1;930000;930000;28/04/2023;2915000;649128079;Paid;1-10001;60;1367
INV2023;1;MJD;LFW-EVO3MU;Mitsubishi Lancer 91-96 LE41 CB4/5 (Evo3);1;995000;995000;28/04/2023;2915000;649128079;Paid;1-10001;60;1367
INV2023;1;MJD;LFW-JUKEMU;Nissan Juke 11-;1;1200000;1200000;28/04/2023;2915000;649128079;Paid;1-10001;60;1367
INV2023;1;MJD;LFW-BRIOMU;Honda Brio 10- / Mobilio 11-;1;775000;775000;28/04/2023;2915000;649128079;Paid;1-10001;60;1367
INV2023;1;MJD;RDR-BRIOASH;Honda Brio 10-;1;215000;215000;28/04/2023;2915000;649128079;Paid;1-10001;60;1367
INV2023;1;MJD;SFL-HIACEXYG;Toyota Hi-Ace 04-20 Commuter;1;327750;327750;28/04/2023;2915000;649128079;Paid;1-10001;60;1367
INV2023;1;MJD;TRW-FORTUNER05BLACKXYG;Toyota Fortuner 05-15 1st Gen (Hitam);1;1462500;1462500;28/04/2023;2915000;649128079;Paid;1-10001;60;1367
INV2023;1;MJD;OTH-SEALANTXYG;Sealant Polyurethane XYG Tube;40;55000;2200000;28/04/2023;2915000;649128079;Paid;1-10001;60;1367
INV2023;1;MJD;TRW-JAZZ01XYG;Honda Jazz 01-07 1st Gen;1;752250;752250;28/04/2023;2915000;649128079;Paid;1-10001;60;1367
INV2023;1;MJD;LFW-TAFTGTASH;Taft GT / Hiline / Feroza;1;690000;690000;28/04/2023;2915000;649128079;Paid;1-10001;60;1367
INV2023;1;MJD;LFW-STARLETXYG;Toyota Starlet KP80 89-95;1;851250;851250;28/04/2023;2915000;649128079;Paid;1-10001;60;1367
INV2023;1;MJD;TRW-AVANZA11HXYG;Toyota Avanza / Xenia 11-15 2nd Gen/3rd Gen;1;477750;477750;28/04/2023;2915000;649128079;Paid;1-10001;60;1367
INV2023;1;MJD;LFW-VIOS13MU;Toyota Yaris 13- 2nd Gen / Vios 14- 3rd Gen;2;730000;1460000;28/04/2023;2915000;649128079;Paid;1-10001;60;1367
INV2023;1;MJD;TRW-BRIONOLBGXYG;Honda Brio 10-17 [Tanpa Lubang];1;716250;716250;28/04/2023;2915000;649128079;Paid;1-10001;60;1367
INV2023;1;MJD;LFW-HRV14MU;Honda HR-V 14-21 5D SUV;1;1175000;1175000;28/04/2023;2915000;649128079;Paid;1-10001;60;1367
INV2023;1;MJD;LFW-CARRY19MU;Suzuki Carry New 19-;1;625000;625000;28/04/2023;2915000;649128079;Paid;1-10001;60;1367
INV2023;1;MJD;TRW-INNOVA04XYG;Toyota Innova 04-15 1st Gen;2;766500;1533000;28/04/2023;2915000;649128079;Paid;1-10001;60;1367
INV2023;1;MJD;LFW-FIESTARSKOTAKFY;Ford Fiesta 09-17 (Sensor Kotak);1;1890750;1890750;28/04/2023;2915000;649128079;Paid;1-10001;60;1367
INV2023;1;MJD;TRW-ERTIGA12XYG;Suzuki Ertiga 12-18 1st Gen MPV;1;398250;398250;28/04/2023;2915000;649128079;Paid;1-10001;60;1367
INV2023;1;MJD;SWR-BALENOSX408XYG;Suzuki Baleno 08-15 SX4 Hatchback;1;319500;319500;28/04/2023;2915000;649128079;Paid;1-10001;60;1367
INV2023;1;MJD;OTH-SERTRANSPORT;Transport;1;50000;50000;28/04/2023;2915000;649128079;Paid;1-10001;60;1367
INV2023;1;MJD;LFW-BRIOAGC;Honda Brio 10- / Mobilio 11-;2;774780;1549560;28/04/2023;2915000;649128079;Paid;1-10001;60;1367
INV2023;1;MJD;LFW-RANGER04MU;Ford Everest 04-15 / Ranger 04-11 / Mazda BT-50;1;825000;825000;28/04/2023;2915000;649128079;Paid;1-10001;60;1367
INV2023;1;MJD;LFW-JAZZ07MU;Honda Jazz 07-13 2nd Gen;1;944000;944000;28/04/2023;2915000;649128079;Paid;1-10001;60;1367
INV2023;1;MJD;RDL-VIOS07FY;Toyota Vios 07-13 XP90 2nd Gen;1;330000;330000;28/04/2023;2915000;649128079;Paid;1-10001;60;1367
INV2023;1;MJD;RVL-VIOS07XYG;Toyota Vios 07-13 XP90 2nd Gen;1;131250;131250;28/04/2023;2915000;649128079;Paid;1-10001;60;1367
INV2023;1;MJD;RDR-H1FRAMEXYG;Hyundai H1 08- / Mover (Frame);1;1818750;1818750;28/04/2023;2915000;649128079;Paid;1-10001;60;1367
INV2023;1;MJD;LFW-VIOS13MU;Toyota Yaris 13- 2nd Gen / Vios 14- 3rd Gen;3;730000;2190000;28/04/2023;2915000;649128079;Paid;1-10001;60;1367
INV2023;1;MJD;TRW-AVANZA03XYG;Toyota Avanza / Xenia 03-11 1st Gen;1;405750;405750;28/04/2023;2915000;649128079;Paid;1-10001;60;1367
INV2023;1;MJD;TRW-ALTIS13XYG;Toyota Altis 13-17 E170 11th Gen;1;2088750;2088750;28/04/2023;2915000;649128079;Paid;1-10001;60;1367
INV2023;1;MJD;LFW-RANGER04MU;Ford Everest 04-15 / Ranger 04-11 / Mazda BT-50;3;775000;2325000;28/04/2023;2915000;649128079;Paid;1-10001;60;1367
INV2023;1;MJD;OTH-SEALANTXYG;Sealant Polyurethane XYG Tube;20;55000;1100000;28/04/2023;2915000;649128079;Paid;1-10001;60;1367
INV2023;1;MJD;LFW-CARRY19MU;Suzuki Carry New 19-;1;617000;617000;28/04/2023;2915000;649128079;Paid;1-10001;60;1367
INV2023;1;MJD;SWR-BALENOSX408ORI;Suzuki Baleno 08-15 SX4 Hatchback;1;985000;985000;28/04/2023;2915000;649128079;Paid;1-10001;60;1367
INV2023;1;MJD;LFW-ALPHARD02PIL;Toyota Alphard 02-08 ANH10 1st Gen;1;3393115;3393115;28/04/2023;2915000;649128079;Paid;1-10001;60;1367
INV2023;1;MJD;LFW-ALTIS13RSXYG;Toyota Altis 13-17 E170 11th Gen;1;1386000;1386000;28/04/2023;2915000;649128079;Paid;1-10001;60;1367
INV2023;1;MJD;TRW-T31XYG;Nissan X-Trail 07-13 T31;1;1233000;1233000;28/04/2023;2915000;649128079;Paid;1-10001;60;1367
INV2023;1;MJD;LFW-MIRAGEMU;Mitsubishi Mirage 12-;1;950000;950000;28/04/2023;2915000;649128079;Paid;1-10001;60;1367
INV2023;1;MJD;LFW-CRV07MU;Honda CR-V 07-11 3rd Gen;1;1075000;1075000;28/04/2023;2915000;649128079;Paid;1-10001;60;1367
INV2023;1;MJD;LFW-T31MU;Nissan X-Trail 07-13 T31;1;1050000;1050000;28/04/2023;2915000;649128079;Paid;1-10001;60;1367
INV2023;1;MJD;LFW-HRV14MU;Honda HR-V 14-21 5D SUV;1;1175000;1175000;28/04/2023;2915000;649128079;Paid;1-10001;60;1367
INV2023;1;MJD;LFW-FE800XYG;Mitsubishi Canter FE800 01- (PS136);1;804000;804000;28/04/2023;2915000;649128079;Paid;1-10001;60;1367
INV2023;1;MJD;LFW-CX5GEN1RS3XYG;Mazda CX-5 .14-17 1st Gen KE Facelift - (3 Sensor/ /\8 );1;3192750;3192750;28/04/2023;2915000;649128079;Paid;1-10001;60;1367
INV2023;1;MJD;LFW-FE800XYG;Mitsubishi Canter FE800 01- (PS136);1;804000;804000;28/04/2023;2915000;649128079;Paid;1-10001;60;1367
INV2023;1;MJD;TRW-MAZDA209XYG;Mazda 2 09-14 3rd Gen Hatchback;1;795750;795750;28/04/2023;2915000;649128079;Paid;1-10001;60;1367
INV2023;1;MJD;SWL-BALENOSX408XYG;Suzuki Baleno 08-15 SX4 Hatchback;1;319500;319500;28/04/2023;2915000;649128079;Paid;1-10001;60;1367
INV2023;1;MJD;LFW-E8187MU;BMW E81/E87 (116I/120I);1;1350000;1350000;28/04/2023;2915000;649128079;Paid;1-10001;60;1367
INV2023;1;MJD;LFW-LIVINA07MU;Nissan Livina 07-18 L10/L11;3;692000;2076000;28/04/2023;2915000;649128079;Paid;1-10001;60;1367
INV2023;1;MJD;LFW-XPANDERMU;Mitsubishi Xpander 17-;3;842000;2526000;28/04/2023;2915000;649128079;Paid;1-10001;60;1367
INV2023;1;MJD;LFW-KAPSUL02MU;Toyota Kijang 02-04 Kapsul Lem Efi;1;700000;700000;28/04/2023;2915000;649128079;Paid;1-10001;60;1367
INV2023;1;MJD;LFW-SIGRAMU;Toyota Calya / Sigra 16-;10;451066;4510660;28/04/2023;2915000;649128079;Paid;1-10001;60;1367
INV2023;1;MJD;LFW-TERRANOMU;Nissan Terrano 95-06;1;950000;950000;28/04/2023;2915000;649128079;Paid;1-10001;60;1367
INV2023;1;MJD;LFW-TERRANOMU;Nissan Terrano 95-06;1;899250;899250;28/04/2023;2915000;649128079;Paid;1-10001;60;1367
INV2023;1;MJD;LFW-W204RSXYG;Mers-Benz C-Class 07-14 W204 (1 Sensor/ ?);1;2454000;2454000;28/04/2023;2915000;649128079;Paid;1-10001;60;1367
INV2023;1;MJD;LFW-BALENO08XYG;Suzuki Baleno 08-15 SX4 / Neo Baleno;1;998070;998070;28/04/2023;2915000;649128079;Paid;1-10001;60;1367
INV2023;1;MJD;LFW-RUSH17MU;Toyota Rush / Terios 18-;1;715000;715000;28/04/2023;2915000;649128079;Paid;1-10001;60;1367
INV2023;1;MJD;TRW-SPORTAGE04XYG;Kia Sportage 04-10 JE/KM (Hidrolik);1;2500000;2500000;28/04/2023;2915000;649128079;Paid;1-10001;60;1367
INV2023;1;MJD;OTH-SERTRANSPORT;Transport;1;100000;100000;28/04/2023;2915000;649128079;Paid;1-10001;60;1367
INV2023;1;MJD;OTH-SEALANTXYG;Sealant Polyurethane XYG Tube;20;55000;1100000;28/04/2023;2915000;649128079;Paid;1-10001;60;1367
INV2023;1;MJD;LFW-E36MU;BMW 3 Series 90-99 E36;1;1100000;1100000;28/04/2023;2915000;649128079;Paid;1-10001;60;1367
INV2023;1;MJD;TRW-ERTIGA12XYG;Suzuki Ertiga 12-18 1st Gen MPV;1;428783;428783;28/04/2023;2915000;649128079;Paid;1-10001;60;1367
INV2023;1;MJD;LFW-AGYAMU;Toyota Agya/Ayla;1;525000;525000;28/04/2023;2915000;649128079;Paid;1-10001;60;1367
INV2023;1;MJD;TRW-AVANZA03HAUTO;Toyota Avanza / Xenia 03-11 1st Gen;1;538603;538603;28/04/2023;2915000;649128079;Paid;1-10001;60;1367
INV2023;1;MJD;LFW-CONFEROMU;Wuling Confero (Tanpa Spionnya);1;850000;850000;28/04/2023;2915000;649128079;Paid;1-10001;60;1367
INV2023;1;MJD;LFW-ELFNMRXYG;Isuzu Elf 17- New NMR NLR;1;738055;738055;28/04/2023;2915000;649128079;Paid;1-10001;60;1367
INV2023;1;MJD;OTH-SEALANTXYG;Sealant Polyurethane XYG Tube;20;55000;1100000;28/04/2023;2915000;649128079;Paid;1-10001;60;1367
INV2023;1;MJD;TRW-LIVINA07XYG;Nissan Livina 07-12 L10 (Tanpa Lubang);1;636750;636750;28/04/2023;2915000;649128079;Paid;1-10001;60;1367
INV2023;1;MJD;LFW-CRV12MU;Honda CR-V 12-16 4th Gen;1;950000;950000;28/04/2023;2915000;649128079;Paid;1-10001;60;1367
INV2023;1;MJD;TRW-BRV16XYG;Honda BR-V 16-;1;795750;795750;28/04/2023;2915000;649128079;Paid;1-10001;60;1367
INV2023;1;MJD;LFW-VIOS07MU;Toyota Vios 07-13 XP90 2nd Gen;3;720000;2160000;28/04/2023;2915000;649128079;Paid;1-10001;60;1367
INV2023;1;MJD;LFW-KUDAMU;Mitsubishi Kuda 99-06;1;750000;750000;28/04/2023;2915000;649128079;Paid;1-10001;60;1367
INV2023;1;MJD;LFW-INNOVA04MU;Toyota Innova 04-15 1st Gen;10;565000;5650000;28/04/2023;2915000;649128079;Paid;1-10001;60;1367
INV2023;1;MJD;FDR-ACCORD08MSG;Honda Accord 08-12 8th Gen;1;997300;997300;28/04/2023;2915000;649128079;Paid;1-10001;60;1367
INV2023;1;MJD;OTH-SERTRANSPORT;Transport;1;50000;50000;28/04/2023;2915000;649128079;Paid;1-10001;60;1367
INV2023;1;MJD;LFW-E36XYG;BMW 3 Series 90-99 E36;1;1135500;1135500;28/04/2023;2915000;649128079;Paid;1-10001;60;1367
INV2023;1;MJD;FDR-ALTIS00ASH;Toyota Altis 00-06 E120/130 9th Gen;1;430000;430000;28/04/2023;2915000;649128079;Paid;1-10001;60;1367
INV2023;1;MJD;OTH-SERTRANSPORT;Transport;1;70000;70000;28/04/2023;2915000;649128079;Paid;1-10001;60;1367
INV2023;1;MJD;SWL-SIGRA16MU;Toyota Calya / Sigra 16-;1;175000;175000;28/04/2023;2915000;649128079;Paid;1-10001;60;1367
INV2023;1;MJD;SWL-AVANZA11MU;Toyota Avanza / Xenia 11-15 2nd Gen;1;195000;195000;28/04/2023;2915000;649128079;Paid;1-10001;60;1367
INV2023;1;MJD;LFW-TRAGAMU;Isuzu Traga;1;760000;760000;28/04/2023;2915000;649128079;Paid;1-10001;60;1367
INV2023;1;MJD;LFW-RUSH17MU;Toyota Rush / Terios 18-;1;715000;715000;28/04/2023;2915000;649128079;Paid;1-10001;60;1367
INV2023;1;MJD;TRW-LIVINA07XYG;Nissan Livina 07-12 L10 (Tanpa Lubang);2;636750;1273500;28/04/2023;2915000;649128079;Paid;1-10001;60;1367
INV2023;1;MJD;LFW-PANTHER00XYG;Isuzu Panther 00- 2nd Gen;1;703500;703500;28/04/2023;2915000;649128079;Paid;1-10001;60;1367
INV2023;1;MJD;LFW-JAZZ13XYG;Honda Jazz 13- 3rd Gen;1;867750;867750;28/04/2023;2915000;649128079;Paid;1-10001;60;1367
INV2023;1;MJD;LFW-JAZZ13MU;Honda Jazz 13- 3rd Gen;1;865000;865000;28/04/2023;2915000;649128079;Paid;1-10001;60;1367
INV2023;1;MJD;LFW-FE700MU;Mitsubishi Canter FE700 01- (PS110,125);1;635000;635000;28/04/2023;2915000;649128079;Paid;1-10001;60;1367
INV2023;1;MJD;LFW-DATSUNGOMU;Nissan Datsun Go/Go+ 14- (5-Seater);1;760000;760000;28/04/2023;2915000;649128079;Paid;1-10001;60;1367
INV2023;1;MJD;LFW-JAZZ07MU;Honda Jazz 07-13 2nd Gen;1;944000;944000;28/04/2023;2915000;649128079;Paid;1-10001;60;1367
INV2023;1;MJD;LFW-E36XYG;BMW 3 Series 90-99 E36;1;1135500;1135500;28/04/2023;2915000;649128079;Paid;1-10001;60;1367
INV2023;1;MJD;LFW-JAZZ07MU;Honda Jazz 07-13 2nd Gen;1;1063500;1063500;28/04/2023;2915000;649128079;Paid;1-10001;60;1367
INV2023;1;MJD;LFW-E84XYG;BMW X1 Series 09-14 E84 (1 Sensor / [] );1;2961000;2961000;28/04/2023;2915000;649128079;Paid;1-10001;60;1367
INV2023;1;MJD;OTH-LIST04TOYDAI;List Kaca Depan Code 04;2;65000;130000;28/04/2023;2915000;649128079;Paid;1-10001;60;1367
INV2023;1;MJD;OTH-LIST11TOYDAI;List Kaca Depan Code 11;2;65000;130000;28/04/2023;2915000;649128079;Paid;1-10001;60;1367
INV2023;1;MJD;OTH-LISTINVTOY;List Kaca Depan INV;2;100000;200000;28/04/2023;2915000;649128079;Paid;1-10001;60;1367
INV2023;1;MJD;LFW-ERTIGA12MU;Suzuki Ertiga 12-18 1st Gen MPV;3;580000;1740000;28/04/2023;2915000;649128079;Paid;1-10001;60;1367
INV2023;1;MJD;TRW-TERIOS06XYG;Toyota Rush / Terios 06-17;1;486000;486000;28/04/2023;2915000;649128079;Paid;1-10001;60;1367
INV2023;1;MJD;LFW-E46NORSMU;BMW 3 Series 98-06 E46;1;1150000;1150000;28/04/2023;2915000;649128079;Paid;1-10001;60;1367
INV2023;1;MJD;OTH-SEALANTXYG;Sealant Polyurethane XYG Tube;20;55000;1100000;28/04/2023;2915000;649128079;Paid;1-10001;60;1367
INV2023;1;MJD;TRW-LIVINA07XYG;Nissan Livina 07-12 L10 (Tanpa Lubang);2;636750;1273500;28/04/2023;2915000;649128079;Paid;1-10001;60;1367
INV2023;1;MJD;LFW-E8187MU;BMW E81/E87 (116I/120I);1;1350000;1350000;28/04/2023;2915000;649128079;Paid;1-10001;60;1367
INV2023;1;MJD;LFW-AVANZA03MU;Toyota Avanza / Xenia 03-11 1st Gen;10;393294;3932940;28/04/2023;2915000;649128079;Paid;1-10001;60;1367
INV2023;1;MJD;LFW-PAJERO16MU;Mitsubishi Pajero 16-;1;867000;867000;28/04/2023;2915000;649128079;Paid;1-10001;60;1367
INV2023;1;MJD;TRW-ERTIGA12XYG;Suzuki Ertiga 12-18 1st Gen MPV;1;428783;428783;28/04/2023;2915000;649128079;Paid;1-10001;60;1367
INV2023;1;MJD;LFW-E46NORSMU;BMW 3 Series 98-06 E46;1;1300000;1300000;28/04/2023;2915000;649128079;Paid;1-10001;60;1367
INV2023;1;MJD;TRW-TRITON14XYG;Mitsubishi Strada Triton 16-;1;595935;595935;28/04/2023;2915000;649128079;Paid;1-10001;60;1367
INV2023;1;MJD;LFW-ALTIS00MU;Toyota Altis 00-06 E120/130 9th Gen;1;1350000;1350000;28/04/2023;2915000;649128079;Paid;1-10001;60;1367
INV2023;1;MJD;LFW-ESCUDO00MU;Suzuki Grand Escudo 00-05;1;1000000;1000000;28/04/2023;2915000;649128079;Paid;1-10001;60;1367
INV2023;1;MJD;TRW-ERTIGA12XYG;Suzuki Ertiga 12-18 1st Gen MPV;2;398250;796500;28/04/2023;2915000;649128079;Paid;1-10001;60;1367
INV2023;1;MJD;OTH-LIST04TOYDAI;List Kaca Depan Code 04;2;65000;130000;28/04/2023;2915000;649128079;Paid;1-10001;60;1367
INV2023;1;MJD;LFW-TERIOS06MU;Toyota Rush / Terios 06-17;10;555000;5550000;28/04/2023;2915000;649128079;Paid;1-10001;60;1367
INV2023;1;MJD;LFW-GRANMAXMU;Daihatsu Gran Max / Luxio 07-;10;393294;3932940;28/04/2023;2915000;649128079;Paid;1-10001;60;1367
INV2023;1;MJD;OTH-SEALANTXYG;Sealant Polyurethane XYG Tube;20;55000;1100000;28/04/2023;2915000;649128079;Paid;1-10001;60;1367
INV2023;1;MJD;TRW-FJ100FY;Toyota LandCruiser 98-07 FJ100 (Signus);1;2048250;2048250;28/04/2023;2915000;649128079;Paid;1-10001;60;1367
INV2023;1;MJD;LFW-CITY19XYG;Honda City 19- GN;1;1875015;1875015;28/04/2023;2915000;649128079;Paid;1-10001;60;1367
INV2023;1;MJD;LFW-CX5GEN1FY;Mazda CX-5 .12-14 1st Gen KE Pre;1;2080120;2080120;28/04/2023;2915000;649128079;Paid;1-10001;60;1367
INV2023;1;MJD;LFW-PAJERO08MU;Mitsubishi Pajero 08-16;1;885000;885000;28/04/2023;2915000;649128079;Paid;1-10001;60;1367
INV2023;1;MJD;LFW-FORTUNER15MU;Toyota Fortuner 15- 2nd Gen;1;786000;786000;28/04/2023;2915000;649128079;Paid;1-10001;60;1367
INV2023;1;MJD;LFW-VITARA88MU;Suzuki Vitara 88-97 / Escudo / Sidekick;1;930000;930000;28/04/2023;2915000;649128079;Paid;1-10001;60;1367
INV2023;1;MJD;OTH-SEALANTXYG;Sealant Polyurethane XYG Tube;40;55000;2200000;28/04/2023;2915000;649128079;Paid;1-10001;60;1367
INV2023;1;MJD;LFW-VITARA88MU;Suzuki Vitara 88-97 / Escudo / Sidekick;1;890000;890000;28/04/2023;2915000;649128079;Paid;1-10001;60;1367
INV2023;1;MJD;LFW-CAPTIVAXYG;Chevrolet Captiva 06-18 1st gen C100;1;1359750;1359750;28/04/2023;2915000;649128079;Paid;1-10001;60;1367
INV2023;1;MJD;TRW-ALPHARD15BLACKXYG;Toyota Alphard 15-17 ANH30 3rd Gen (Hitam);1;1927500;1927500;28/04/2023;2915000;649128079;Paid;1-10001;60;1367
INV2023;1;MJD;OTH-SERTRANSPORT;Transport;1;80000;80000;28/04/2023;2915000;649128079;Paid;1-10001;60;1367
INV2023;1;MJD;SWR-EVEREST06XYG;Ford Everest 06-15;1;750000;750000;28/04/2023;2915000;649128079;Paid;1-10001;60;1367
INV2023;1;MJD;OTH-SERTRANSPORT;Transport;1;50000;50000;28/04/2023;2915000;649128079;Paid;1-10001;60;1367
INV2023;1;MJD;LFW-AGYAMU;Toyota Agya/Ayla;1;525000;525000;28/04/2023;2915000;649128079;Paid;1-10001;60;1367
INV2023;1;MJD;LFW-NAVARA04XYG;Nissan Frontier Navara 04-15 D40 2nd Gen;1;1094970;1094970;28/04/2023;2915000;649128079;Paid;1-10001;60;1367
INV2023;1;MJD;LFW-E36MU;BMW 3 Series 90-99 E36;1;1100000;1100000;28/04/2023;2915000;649128079;Paid;1-10001;60;1367
INV2023;1;MJD;LFW-JAZZ13MU;Honda Jazz 13- 3rd Gen;1;865000;865000;28/04/2023;2915000;649128079;Paid;1-10001;60;1367
INV2023;1;MJD;LFW-ALPHARD18RS2XYG;Toyota Alphard 18- ANH30 3rd Gen (2 Sensor / ?? );1;3106500;3106500;28/04/2023;2915000;649128079;Paid;1-10001;60;1367
INV2023;1;MJD;TRW-F30FY;BMW 3 Series 12-18 F30/F35;1;1839750;1839750;28/04/2023;2915000;649128079;Paid;1-10001;60;1367
INV2023;1;MJD;SWR-XPANDERAGC;Mitsubishi Xpander 17- / Livina 19- 2nd Gen;1;398000;398000;28/04/2023;2915000;649128079;Paid;1-10001;60;1367
INV2023;1;MJD;OTH-SERTRANSPORT;Transport;1;50000;50000;28/04/2023;2915000;649128079;Paid;1-10001;60;1367
INV2023;1;MJD;LFW-FE300MU;Mitsubishi Canter FE300 85- (PS100,120,135 kabin kecil);1;665000;665000;28/04/2023;2915000;649128079;Paid;1-10001;60;1367
INV2023;1;MJD;TRW-FREEDXYG;Honda Freed 08-16 1st gen;1;965770;965770;28/04/2023;2915000;649128079;Paid;1-10001;60;1367
INV2023;1;MJD;LFW-JAZZ07MU;Honda Jazz 07-13 2nd Gen;1;944000;944000;28/04/2023;2915000;649128079;Paid;1-10001;60;1367
INV2023;1;MJD;TRW-APVVANMU;Suzuki APV 03- Van;1;385000;385000;28/04/2023;2915000;649128079;Paid;1-10001;60;1367
INV2023;1;MJD;LFW-KIJANGK125MU;Toyota Kijang Super/Grand K125;1;850000;850000;28/04/2023;2915000;649128079;Paid;1-10001;60;1367
INV2023;1;MJD;LFW-MAZDA209MU;Mazda 2 09-14 3rd Gen;1;1150000;1150000;28/04/2023;2915000;649128079;Paid;1-10001;60;1367
INV2023;1;MJD;LFW-CIVIC05MU;Honda Civic 05-11 8th Gen (Civic Batman FD);1;1150000;1150000;28/04/2023;2915000;649128079;Paid;1-10001;60;1367
INV2023;1;MJD;TRW-E60XYG;BMW 5 Series 03-10 E60;1;2169000;2169000;28/04/2023;2915000;649128079;Paid;1-10001;60;1367
INV2023;1;MJD;LFW-H1XYG;Hyundai H1 08- / Mover;1;1450270;1450270;28/04/2023;2915000;649128079;Paid;1-10001;60;1367
INV2023;1;MJD;LFW-PAJERO16MU;Mitsubishi Pajero 16-;1;867000;867000;28/04/2023;2915000;649128079;Paid;1-10001;60;1367
INV2023;1;MJD;LFW-LIVINA07MU;Nissan Livina 07-18 L10/L11;3;692000;2076000;28/04/2023;2915000;649128079;Paid;1-10001;60;1367
INV2023;1;MJD;TRW-AVANZA11MU;Toyota Avanza / Xenia 11-15 2nd Gen;5;390000;1950000;28/04/2023;2915000;649128079;Paid;1-10001;60;1367
INV2023;1;MJD;TRW-AVANZA11HXYG;Toyota Avanza / Xenia 11-15 2nd Gen/3rd Gen;2;477750;955500;28/04/2023;2915000;649128079;Paid;1-10001;60;1367
INV2023;1;MJD;LFW-KAPSUL02MU;Toyota Kijang 02-04 Kapsul Lem Efi;1;700000;700000;28/04/2023;2915000;649128079;Paid;1-10001;60;1367
INV2023;1;MJD;LFW-JAZZ07MU;Honda Jazz 07-13 2nd Gen;3;787000;2361000;28/04/2023;2915000;649128079;Paid;1-10001;60;1367
INV2023;1;MJD;LFW-TATAACEXYG;Tata Superace 11-;1;810000;810000;28/04/2023;2915000;649128079;Paid;1-10001;60;1367
INV2023;1;MJD;FDR-DATSUNASH;Nissan Datsun Go/Go+ 14- (5-Seater);1;190000;190000;28/04/2023;2915000;649128079;Paid;1-10001;60;1367
INV2023;1;MJD;LFW-ALTIS06XYG;Toyota Altis 06-13 E140 10th Gen (DZ055);1;1371000;1371000;28/04/2023;2915000;649128079;Paid;1-10001;60;1367
INV2023;1;MJD;LFW-AVANZA16MU;Toyota Avanza / Xenia 15-21 3rd Gen;10;393294;3932940;28/04/2023;2915000;649128079;Paid;1-10001;60;1367
INV2023;1;MJD;LFW-AGYAMU;Toyota Agya/Ayla;6;375000;2250000;28/04/2023;2915000;649128079;Paid;1-10001;60;1367
INV2023;1;MJD;LFW-RAIZEMU;Toyota Raize / Daihatsu Rocky 20-;1;875000;875000;28/04/2023;2915000;649128079;Paid;1-10001;60;1367
INV2023;1;MJD;LFW-FE700MU;Mitsubishi Canter FE700 01- (PS110,125);1;635000;635000;28/04/2023;2915000;649128079;Paid;1-10001;60;1367
INV2023;1;MJD;LFW-AGYAMU;Toyota Agya/Ayla;4;375000;1500000;28/04/2023;2915000;649128079;Paid;1-10001;60;1367
INV2023;1;MJD;OTH-SEALANTXYG;Sealant Polyurethane XYG Tube;20;55000;1100000;28/04/2023;2915000;649128079;Paid;1-10001;60;1367
INV2023;1;MJD;LFW-TERRANOMU;Nissan Terrano 95-06;1;850000;850000;28/04/2023;2915000;649128079;Paid;1-10001;60;1367
INV2023;1;MJD;OTH-PETIKAYU;Peti Kayu;1;150000;150000;28/04/2023;2915000;649128079;Paid;1-10001;60;1367